Index,HourType,YawRate,Speed,Heading
0,Rush Hour,-0.17,20.94,90.65
1,Rush Hour,0.76,20.92,91.025
2,Rush Hour,0.27,20.92,90.775
3,Rush Hour,0.27,20.92,90.775
4,Rush Hour,-0.07,20.92,90.7875
5,Rush Hour,-0.07,20.92,90.7875
6,Rush Hour,-0.24,20.94,90.7
7,Rush Hour,0.15,21.04,90.85
8,Rush Hour,0.32,21.02,91.05
9,Rush Hour,0.65,21.02,91.0625
10,Rush Hour,0.69,21.06,91.0125
11,Rush Hour,0.49,21.06,91.0375
12,Rush Hour,0.49,21.06,91.0375
13,Rush Hour,3.56,11.04,46.525
14,Rush Hour,1.62,11.14,48.05
15,Rush Hour,6.32,11.34,49.6625
16,Rush Hour,6.16,11.32,51.2
17,Rush Hour,8.21,11.32,51.4625
18,Rush Hour,7.62,11.3,53.1125
19,Rush Hour,5.06,11.28,54.6
20,Rush Hour,6.64,11.44,56.175
21,Rush Hour,6.32,11.44,56.45
22,Rush Hour,8.62,11.48,58.0625
23,Rush Hour,8.07,11.48,58.4375
24,Rush Hour,8.21,11.58,59.0875
25,Rush Hour,0.3,21.08,91.05
26,Rush Hour,0.2,21.08,91.0625
27,Rush Hour,0.2,21.08,91.0625
28,Rush Hour,0.11,21.1,91
29,Rush Hour,0.11,21.1,91
30,Rush Hour,-0.02,21.1,91.0125
31,Rush Hour,-0.09,21.1,90.7125
32,Rush Hour,-0.67,21.1,90.7125
33,Rush Hour,-0.82,21.16,90.6125
34,Rush Hour,-0.82,21.16,90.6125
35,Rush Hour,-0.93,21.16,90.575
36,Rush Hour,-0.93,21.16,90.575
37,Rush Hour,-0.81,21.16,90.5375
38,Rush Hour,-0.58,21.16,90.5125
39,Rush Hour,-0.36,21.2,91.5125
40,Rush Hour,1.57,21.2,91.5
41,Rush Hour,1.57,21.2,91.5
42,Rush Hour,2.22,21.24,92.0875
43,Rush Hour,2.22,21.24,92.0875
44,Rush Hour,3.22,21.24,92.175
45,Rush Hour,3.22,21.24,92.175
46,Rush Hour,3.08,21.26,92.3625
47,Rush Hour,2.96,21.26,92.4875
48,Rush Hour,2.32,21.3,92.55
49,Rush Hour,2.32,21.3,92.55
50,Rush Hour,1.92,21.3,92.65
51,Rush Hour,1.92,21.3,92.65
52,Rush Hour,1.35,21.32,92.4
53,Rush Hour,-0.02,21.34,92.3125
54,Rush Hour,-0.43,21.34,92.3125
55,Rush Hour,-0.43,21.34,92.3125
56,Rush Hour,-0.43,21.34,92.3125
57,Rush Hour,-0.55,21.36,92.2625
58,Rush Hour,-0.6,21.36,92.2375
59,Rush Hour,-0.36,21.38,92.25
60,Rush Hour,-0.53,21.5,92.025
61,Rush Hour,-0.62,21.5,92
62,Rush Hour,-0.54,21.54,91.95
63,Rush Hour,-0.54,21.54,91.925
64,Rush Hour,-0.14,21.58,91.8875
65,Rush Hour,-0.2,21.58,91.875
66,Rush Hour,-0.4,21.62,91.75
67,Rush Hour,-0.77,21.68,91.525
68,Rush Hour,-0.78,21.7,91.325
69,Rush Hour,-0.49,27.12,91.125
70,Rush Hour,-0.49,27.12,91.125
71,Rush Hour,-0.41,27.18,91.05
72,Rush Hour,-0.41,27.18,91.05
73,Rush Hour,-0.26,27.18,91.025
74,Rush Hour,-0.26,27.18,91.025
75,Rush Hour,-0.16,27.2,91.025
76,Rush Hour,-0.16,27.2,91.025
77,Rush Hour,-0.02,26.86,91.075
78,Rush Hour,-0.02,26.86,91.075
79,Rush Hour,0.09,26.88,91.075
80,Rush Hour,0.09,26.88,91.075
81,Rush Hour,0.17,26.96,91.0875
82,Rush Hour,0.17,26.96,91.0875
83,Rush Hour,0.14,26.98,91.1125
84,Rush Hour,0.14,26.98,91.1125
85,Rush Hour,0.18,26.98,91.1375
86,Rush Hour,0.18,26.98,91.1375
87,Rush Hour,0.38,27.02,91.1625
88,Rush Hour,-0.06,27.48,91.3
89,Rush Hour,0.01,27.7,91.2625
90,Rush Hour,0.09,27.74,91.275
91,Rush Hour,0.09,27.74,91.275
92,Rush Hour,0,27.76,91.2875
93,Rush Hour,-0.06,27.8,91.275
94,Rush Hour,0.04,27.7,91.3125
95,Rush Hour,0.03,27.72,91.3125
96,Rush Hour,0.06,27.74,91.3125
97,Rush Hour,0.09,27.76,91.325
98,Rush Hour,0.12,27.78,91.3375
99,Rush Hour,0.18,27.94,91.375
100,Rush Hour,0.12,28,91.4
101,Rush Hour,0.07,28.02,91.4125
102,Rush Hour,0.06,28.04,91.4125
103,Rush Hour,0.13,28.08,91.425
104,Rush Hour,0.1,28.1,91.475
105,Rush Hour,0,28.12,91.475
106,Rush Hour,0,28.14,91.475
107,Rush Hour,0.03,28.34,91.475
108,Rush Hour,0.04,28.4,91.4875
109,Rush Hour,0,28.42,91.4875
110,Rush Hour,0,28.44,91.5
111,Rush Hour,0,28.26,91.5
112,Rush Hour,-0.04,28.3,91.5
113,Rush Hour,-0.04,28.32,91.5
114,Rush Hour,0.02,28.34,91.5
115,Rush Hour,0.11,28.42,91.5
116,Rush Hour,0.17,28.32,91.5125
117,Rush Hour,0.17,28.34,91.5375
118,Rush Hour,-0.14,28.38,91.525
119,Rush Hour,-0.08,28.4,91.525
120,Rush Hour,0.03,28.42,91.525
121,Rush Hour,-0.05,23.88,91.35
122,Rush Hour,-0.02,24,91.325
123,Rush Hour,-0.03,24.06,91.325
124,Rush Hour,-0.22,23.98,91.2375
125,Rush Hour,-0.22,23.98,91.2375
126,Rush Hour,-0.26,24.06,91.2125
127,Rush Hour,-0.35,24.12,91.15
128,Rush Hour,-0.35,24.12,91.15
129,Rush Hour,-0.45,24.04,91.0875
130,Rush Hour,-0.45,24.04,91.0875
131,Rush Hour,-0.44,24.1,91.075
132,Rush Hour,-0.44,24.1,91.075
133,Rush Hour,-0.42,24.18,91.0375
134,Rush Hour,-0.42,24.18,91.0375
135,Rush Hour,-0.33,24.24,91.0375
136,Rush Hour,-0.33,24.24,91.0375
137,Rush Hour,-0.17,24.18,91.025
138,Rush Hour,-0.17,24.18,91.025
139,Rush Hour,-0.07,24.24,91.025
140,Rush Hour,-0.07,24.24,91.025
141,Rush Hour,0.21,24.2,91.125
142,Rush Hour,0.21,24.2,91.125
143,Rush Hour,0.44,24.26,91.2125
144,Rush Hour,0.44,24.26,91.2125
145,Rush Hour,0.44,24.26,91.2125
146,Rush Hour,0.08,25.48,91.525
147,Rush Hour,0.02,25.56,91.45
148,Rush Hour,-0.11,25.62,91.4
149,Rush Hour,-0.24,25.68,91.3625
150,Rush Hour,-0.24,25.68,91.3625
151,Rush Hour,-0.22,25.56,91.375
152,Rush Hour,-0.22,25.56,91.375
153,Rush Hour,-0.3,25.64,91.3
154,Rush Hour,-0.3,25.64,91.3
155,Rush Hour,-0.4,25.7,91.25
156,Rush Hour,-0.4,25.7,91.25
157,Rush Hour,-0.44,25.76,91.2125
158,Rush Hour,-0.44,25.76,91.2125
159,Rush Hour,-0.16,25.7,91.325
160,Rush Hour,-0.16,25.7,91.325
161,Rush Hour,-0.07,25.78,91.275
162,Rush Hour,-0.07,25.78,91.275
163,Rush Hour,0,25.8,91.2875
164,Rush Hour,0.02,25.94,91.2
165,Rush Hour,-0.04,26.02,91.1375
166,Rush Hour,-0.09,26.02,91.125
167,Rush Hour,-0.17,26.08,91.075
168,Rush Hour,0.05,26.64,91.9375
169,Rush Hour,-0.23,26.68,91.95
170,Rush Hour,-0.3,26.7,91.975
171,Rush Hour,-0.23,26.74,92
172,Rush Hour,-0.1,26.6,91.85
173,Rush Hour,-0.1,26.6,91.85
174,Rush Hour,-0.31,26.64,91.8375
175,Rush Hour,-0.31,26.64,91.8375
176,Rush Hour,-0.36,26.68,91.8375
177,Rush Hour,-0.36,26.68,91.8375
178,Rush Hour,-0.2,26.64,91.725
179,Rush Hour,-0.2,26.64,91.725
180,Rush Hour,-0.15,26.74,91.8125
181,Rush Hour,-0.08,26.66,91.7375
182,Rush Hour,-0.23,26.72,91.65
183,Rush Hour,0.95,24.34,91.5875
184,Rush Hour,1,24.38,91.675
185,Rush Hour,0.92,24.38,91.7875
186,Rush Hour,0.79,24.42,91.8375
187,Rush Hour,0.33,24.48,91.975
188,Rush Hour,0.33,24.48,91.975
189,Rush Hour,0.29,24.54,92.0125
190,Rush Hour,0.29,24.54,92.0125
191,Rush Hour,0.2,24.62,92.025
192,Rush Hour,0.2,24.62,92.025
193,Rush Hour,0.15,24.62,92.0375
194,Rush Hour,0.12,24.68,92.05
195,Rush Hour,0.1,24.68,92.0625
196,Rush Hour,-0.14,24.74,91.95
197,Rush Hour,-0.22,24.8,91.9625
198,Rush Hour,-0.13,24.86,91.975
199,Rush Hour,-0.13,24.86,91.975
200,Rush Hour,-0.12,24.86,91.95
201,Rush Hour,-0.12,24.86,91.95
202,Rush Hour,-0.15,26.08,91.0875
203,Rush Hour,-0.17,26.14,91.0375
204,Rush Hour,-0.23,26.2,91
205,Rush Hour,-0.1,26.22,91.05
206,Rush Hour,-0.06,26.28,91.05
207,Rush Hour,0.12,26.26,91.1125
208,Rush Hour,0.13,26.32,91.0875
209,Rush Hour,0.13,26.32,91.0875
210,Rush Hour,0.1,26.38,91.0875
211,Rush Hour,0.1,26.38,91.0875
212,Rush Hour,0.05,26.44,91.075
213,Rush Hour,0.21,26.4,91.175
214,Rush Hour,0.22,26.46,91.1625
215,Rush Hour,0.12,26.5,91.1375
216,Rush Hour,0.12,26.5,91.1375
217,Rush Hour,-0.01,26.56,91.1
218,Rush Hour,0.19,26.52,91.2375
219,Rush Hour,0.19,26.56,91.2125
220,Rush Hour,0.07,26.58,91.1625
221,Rush Hour,0.07,26.58,91.1625
222,Rush Hour,-0.29,26.74,91.675
223,Rush Hour,-0.1,26.74,91.6875
224,Rush Hour,-0.01,26.68,91.5375
225,Rush Hour,-0.27,26.7,91.5875
226,Rush Hour,-0.03,26.7,91.7125
227,Rush Hour,0.16,26.62,91.6
228,Rush Hour,0.02,26.62,91.65
229,Rush Hour,0.02,26.62,91.65
230,Rush Hour,0.02,26.62,91.65
231,Rush Hour,0.03,26.62,91.7
232,Rush Hour,0.14,26.64,91.75
233,Rush Hour,0.14,26.64,91.75
234,Rush Hour,0.25,26.58,91.6
235,Rush Hour,-0.03,26.6,91.6375
236,Rush Hour,-0.03,26.6,91.6375
237,Rush Hour,-0.08,26.62,91.6875
238,Rush Hour,-0.08,26.62,91.6875
239,Rush Hour,0,26.62,91.7125
240,Rush Hour,0,26.62,91.7125
241,Rush Hour,0.09,26.56,91.5625
242,Rush Hour,0.09,26.56,91.5625
243,Rush Hour,-0.27,24.98,91.85
244,Rush Hour,-0.32,25.04,91.825
245,Rush Hour,-0.38,24.98,91.775
246,Rush Hour,-0.38,24.98,91.775
247,Rush Hour,-0.34,25.04,91.725
248,Rush Hour,-0.34,25.04,91.725
249,Rush Hour,-0.43,25.1,91.675
250,Rush Hour,-0.43,25.1,91.675
251,Rush Hour,-0.39,25.16,91.625
252,Rush Hour,-0.39,25.16,91.625
253,Rush Hour,-0.69,25.12,91.475
254,Rush Hour,-0.77,25.18,91.4375
255,Rush Hour,-0.68,25.24,91.425
256,Rush Hour,-0.52,25.28,91.425
257,Rush Hour,-0.46,25.22,91.3625
258,Rush Hour,-0.34,25.28,91.3625
259,Rush Hour,-0.13,25.38,91.3375
260,Non Rush Hour,-0.03,24.08,91.325
261,Non Rush Hour,-0.03,24.08,91.325
262,Non Rush Hour,0.07,24.14,91.3625
263,Non Rush Hour,0.07,24.14,91.3625
264,Non Rush Hour,0.19,24.06,91.4875
265,Non Rush Hour,0.19,24.06,91.4875
266,Non Rush Hour,0.45,24.12,91.5375
267,Non Rush Hour,0.45,24.12,91.5375
268,Non Rush Hour,-0.41,24.42,91.3625
269,Non Rush Hour,-0.37,24.56,91.2875
270,Non Rush Hour,-0.23,24.68,91.2125
271,Non Rush Hour,0.21,25.48,91.625
272,Non Rush Hour,0.44,25.5,91.675
273,Non Rush Hour,0.44,25.5,91.675
274,Non Rush Hour,0.56,25.52,91.7
275,Non Rush Hour,0.56,25.52,91.7
276,Non Rush Hour,0.56,25.54,91.7
277,Non Rush Hour,0.56,25.54,91.7
278,Non Rush Hour,0.45,25.54,91.8125
279,Non Rush Hour,0.45,25.54,91.8125
280,Non Rush Hour,0.48,25.56,91.8125
281,Non Rush Hour,0.48,25.56,91.8125
282,Non Rush Hour,0.34,25.56,91.8375
283,Non Rush Hour,-0.12,25.62,91.7625
284,Non Rush Hour,-0.11,25.64,91.725
285,Non Rush Hour,-0.15,25.66,91.725
286,Non Rush Hour,-0.15,25.66,91.725
287,Non Rush Hour,-0.15,25.66,91.725
288,Non Rush Hour,-0.12,25.68,91.7375
289,Non Rush Hour,-0.04,25.72,91.7375
290,Non Rush Hour,0.19,27.62,91.3625
291,Non Rush Hour,0.21,27.86,91.4625
292,Non Rush Hour,0.23,27.98,91.5125
293,Non Rush Hour,0.37,28.04,91.575
294,Non Rush Hour,0.36,28.14,91.6125
295,Non Rush Hour,0.35,28.26,91.6375
296,Non Rush Hour,0.21,28.48,91.725
297,Non Rush Hour,0.21,28.48,91.725
298,Non Rush Hour,0.24,28.44,91.675
299,Non Rush Hour,0.1,28.54,91.6875
300,Non Rush Hour,0.1,28.54,91.6875
301,Non Rush Hour,0.03,28.66,91.7125
302,Non Rush Hour,0.03,28.66,91.7125
303,Non Rush Hour,0.12,28.76,91.75
304,Non Rush Hour,0.12,28.76,91.75
305,Non Rush Hour,-0.21,24.68,91.15
306,Non Rush Hour,-0.21,24.68,91.15
307,Non Rush Hour,-0.28,24.74,91.175
308,Non Rush Hour,-0.28,24.74,91.175
309,Non Rush Hour,-0.22,24.8,91.1625
310,Non Rush Hour,-0.17,24.86,91.1625
311,Non Rush Hour,-0.1,24.78,91.175
312,Non Rush Hour,-0.04,24.86,91.15
313,Non Rush Hour,-0.04,24.92,91.125
314,Non Rush Hour,-0.07,24.96,91.1
315,Non Rush Hour,-0.07,24.96,91.1
316,Non Rush Hour,0.01,25.74,91.7375
317,Non Rush Hour,0.01,25.74,91.7375
318,Non Rush Hour,0.04,25.76,91.7375
319,Non Rush Hour,0.04,25.76,91.7375
320,Non Rush Hour,0.04,25.76,91.75
321,Non Rush Hour,0.04,25.76,91.75
322,Non Rush Hour,0.05,25.76,91.75
323,Non Rush Hour,0.04,25.78,91.7625
324,Non Rush Hour,0.07,25.84,91.775
325,Non Rush Hour,0.07,25.84,91.7625
326,Non Rush Hour,0.04,25.84,91.7625
327,Non Rush Hour,0.04,25.9,91.7375
328,Non Rush Hour,-0.01,25.92,91.75
329,Non Rush Hour,-0.03,25.92,91.75
330,Non Rush Hour,-0.04,25.94,91.75
331,Non Rush Hour,-0.16,25.98,91.6875
332,Non Rush Hour,-0.16,25.98,91.6875
333,Non Rush Hour,-0.42,25.96,91.55
334,Non Rush Hour,0.1,28.74,91.7375
335,Non Rush Hour,0.1,28.74,91.7375
336,Non Rush Hour,0.09,28.84,91.75
337,Non Rush Hour,0.09,28.84,91.75
338,Non Rush Hour,0.05,28.94,91.7375
339,Non Rush Hour,0.05,28.94,91.7375
340,Non Rush Hour,0,29.02,91.725
341,Non Rush Hour,0,29.02,91.725
342,Non Rush Hour,-0.04,28.94,91.7125
343,Non Rush Hour,-0.01,28.92,91.7375
344,Non Rush Hour,0.1,28.88,91.7875
345,Non Rush Hour,0.23,28.88,91.825
346,Non Rush Hour,0.33,25.6,91.3125
347,Non Rush Hour,0.4,25.6,91.2875
348,Non Rush Hour,0.29,25.72,91.35
349,Non Rush Hour,0.24,25.76,91.3
350,Non Rush Hour,0.08,25.78,91.35
351,Non Rush Hour,0.07,25.92,91.35
352,Non Rush Hour,0.04,25.98,91.3625
353,Non Rush Hour,-0.29,26.14,91.4875
354,Non Rush Hour,-0.15,26.16,91.5375
355,Non Rush Hour,0.02,26.18,91.5625
356,Non Rush Hour,0.17,26.28,91.4625
357,Non Rush Hour,0.01,26.3,91.4375
358,Non Rush Hour,-0.1,26.3,91.4125
359,Non Rush Hour,-0.21,26.32,91.4
360,Non Rush Hour,-0.24,26.36,91.4625
361,Non Rush Hour,-0.08,26.38,91.45
362,Non Rush Hour,-0.01,26.38,91.4375
363,Non Rush Hour,0,26.4,91.4375
364,Non Rush Hour,0,26.44,91.425
365,Non Rush Hour,-0.01,26.44,91.425
366,Non Rush Hour,-0.02,26.46,91.425
367,Non Rush Hour,0,26.48,91.4375
368,Non Rush Hour,-0.04,26.58,91.4125
369,Non Rush Hour,-0.14,29.02,91.8125
370,Non Rush Hour,-0.13,29.14,91.8125
371,Non Rush Hour,-0.07,29.2,91.8375
372,Non Rush Hour,0,29.18,91.825
373,Non Rush Hour,0.01,29.24,91.7875
374,Non Rush Hour,0.01,29.24,91.7875
375,Non Rush Hour,-0.05,29.28,91.7375
376,Non Rush Hour,-0.16,29.34,91.6875
377,Non Rush Hour,-0.29,29.34,91.675
378,Non Rush Hour,-0.29,29.34,91.675
379,Non Rush Hour,-0.29,29.34,91.675
380,Non Rush Hour,-0.29,29.38,91.6125
381,Non Rush Hour,-0.38,29.44,91.6
382,Non Rush Hour,-0.38,29.44,91.6
383,Non Rush Hour,-0.37,29.5,91.6375
384,Non Rush Hour,-0.37,29.46,91.5
385,Non Rush Hour,-0.37,29.5,91.5
386,Non Rush Hour,0.26,26.4,91.5125
387,Non Rush Hour,0.11,26.52,91.675
388,Non Rush Hour,0.27,26.58,91.75
389,Non Rush Hour,0.44,26.54,91.6375
390,Non Rush Hour,0.23,26.6,91.7375
391,Non Rush Hour,0.27,26.66,91.8375
392,Non Rush Hour,0.42,26.7,91.9125
393,Non Rush Hour,0.56,26.72,91.775
394,Non Rush Hour,0.26,26.78,91.8625
395,Non Rush Hour,0.22,26.82,91.9375
396,Non Rush Hour,0.31,26.86,92.0125
397,Non Rush Hour,0.45,26.86,91.8375
398,Non Rush Hour,0.07,26.9,91.9375
399,Non Rush Hour,0.24,26.96,92.0375
400,Non Rush Hour,0.44,27,92.1125
401,Non Rush Hour,-0.38,26.78,91.05
402,Non Rush Hour,-0.38,26.78,91.05
403,Non Rush Hour,-0.39,26.82,90.9875
404,Non Rush Hour,-0.39,26.82,90.9875
405,Non Rush Hour,-0.44,26.86,90.95
406,Non Rush Hour,-0.44,26.86,90.95
407,Non Rush Hour,-0.45,26.9,90.8875
408,Non Rush Hour,-0.45,26.9,90.8875
409,Non Rush Hour,-0.49,26.82,90.8375
410,Non Rush Hour,-0.49,26.82,90.8375
411,Non Rush Hour,-0.51,26.86,90.8
412,Non Rush Hour,-0.51,26.86,90.8
413,Non Rush Hour,-0.49,26.9,90.775
414,Non Rush Hour,-0.49,26.9,90.775
415,Non Rush Hour,-0.43,26.94,90.8
416,Non Rush Hour,-0.43,26.94,90.8
417,Non Rush Hour,-0.26,26.88,90.9
418,Non Rush Hour,-0.26,26.88,90.9
419,Non Rush Hour,0.05,26.92,90.9625
420,Non Rush Hour,0.05,26.92,90.9625
421,Non Rush Hour,0.31,26.96,91
422,Non Rush Hour,0.31,26.96,91
423,Non Rush Hour,0.75,26.94,91.2125
424,Non Rush Hour,0.72,26.96,91.275
425,Non Rush Hour,0.72,26.96,91.275
426,Non Rush Hour,0.64,26.92,91.325
427,Non Rush Hour,0.35,26.98,91.4125
428,Non Rush Hour,0.28,26.94,91.45
429,Non Rush Hour,0.19,27,91.5875
430,Non Rush Hour,0.26,27.04,91.575
431,Non Rush Hour,0.17,27.04,91.5
432,Non Rush Hour,-0.05,27.04,91.5625
433,Non Rush Hour,-0.05,27.04,91.5625
434,Non Rush Hour,-0.02,27.06,91.5
435,Non Rush Hour,-0.12,27.1,91.5
436,Non Rush Hour,-0.15,27.08,91.55
437,Non Rush Hour,-0.15,27.08,91.55
438,Non Rush Hour,-0.04,27.12,91.5375
439,Non Rush Hour,-0.03,27.16,91.525
440,Non Rush Hour,-0.03,27.16,91.525
441,Non Rush Hour,-0.02,27.18,91.525
442,Non Rush Hour,0,27.14,91.5375
443,Non Rush Hour,0,27.14,91.5375
444,Rush Hour,0.06,22.48,92.5125
445,Rush Hour,0.06,22.48,92.5125
446,Rush Hour,0.18,22.54,92.5875
447,Rush Hour,0.18,22.54,92.5875
448,Rush Hour,0.33,22.62,92.65
449,Rush Hour,0.33,22.62,92.65
450,Rush Hour,0.04,22.66,92.575
451,Rush Hour,0.08,22.76,92.5125
452,Rush Hour,-0.1,22.84,92.55
453,Rush Hour,-0.1,23.04,92.5375
454,Rush Hour,0.01,23.1,92.5625
455,Rush Hour,-0.16,23.04,92.45
456,Rush Hour,-0.15,23.12,92.475
457,Rush Hour,-0.05,23.2,92.5125
458,Rush Hour,-0.05,23.2,92.5125
459,Rush Hour,0.07,23.26,92.55
460,Rush Hour,0.07,23.26,92.55
461,Rush Hour,-0.12,23.26,92.425
462,Rush Hour,-0.12,23.26,92.425
463,Rush Hour,-0.11,23.32,92.4625
464,Rush Hour,-0.11,23.32,92.4625
465,Rush Hour,0,23.4,92.5
466,Rush Hour,0,23.4,92.5
467,Rush Hour,0.13,23.48,92.55
468,Rush Hour,-0.1,23.42,92.4
469,Rush Hour,-0.1,23.42,92.4
470,Rush Hour,-0.1,23.48,92.45
471,Rush Hour,-0.1,23.48,92.45
472,Rush Hour,0.02,23.56,92.5125
473,Rush Hour,0.02,23.56,92.5125
474,Rush Hour,0.19,23.64,92.5625
475,Rush Hour,0.04,23.6,92.4625
476,Rush Hour,0.05,23.68,92.5125
477,Rush Hour,0.05,23.68,92.5125
478,Rush Hour,0.02,23.82,92.4875
479,Rush Hour,-0.1,24.1,92.5
480,Rush Hour,-0.17,24.16,92.5375
481,Rush Hour,-0.11,24.22,92.5625
482,Rush Hour,0,24.22,92.425
483,Rush Hour,-0.22,24.36,92.4875
484,Rush Hour,7.65,12.28,50.8625
485,Rush Hour,6.62,12.42,51.075
486,Rush Hour,6.57,12.4,52.675
487,Rush Hour,6.6,12.6,55.425
488,Rush Hour,-0.29,23.84,91.0125
489,Rush Hour,-0.29,23.84,91.0125
490,Rush Hour,-0.29,23.84,91.0125
491,Rush Hour,-0.13,23.9,90.9
492,Rush Hour,-0.13,23.9,90.9
493,Rush Hour,-0.13,23.9,90.9
494,Rush Hour,-0.29,23.9,90.8875
495,Rush Hour,-0.29,23.9,90.8875
496,Rush Hour,-0.32,23.92,90.8875
497,Rush Hour,-0.32,23.92,90.8875
498,Rush Hour,-0.32,23.92,90.8875
499,Rush Hour,-0.28,23.92,90.875
500,Rush Hour,-0.28,23.92,90.875
501,Rush Hour,-0.28,23.92,90.875
502,Rush Hour,-0.21,23.92,90.8625
503,Rush Hour,-0.21,23.92,90.8625
504,Rush Hour,0.19,23.88,91.05
505,Rush Hour,0.19,23.88,91.05
506,Rush Hour,0.7,23.96,90.9375
507,Rush Hour,-0.33,24,91.025
508,Rush Hour,-0.33,24,91.025
509,Rush Hour,-0.11,24,91.0125
510,Rush Hour,0.01,24.04,91.1875
511,Rush Hour,-0.04,24.12,91.15
512,Rush Hour,-0.04,24.12,91.15
513,Rush Hour,7.46,11.38,46.75
514,Rush Hour,7.37,11.4,47.3625
515,Rush Hour,7.5,11.3,48.9625
516,Rush Hour,7.3,11.38,50.925
517,Rush Hour,7.72,11.3,52.6875
518,Rush Hour,7.83,11.32,53.3625
519,Rush Hour,-0.19,24.18,91.1375
520,Rush Hour,-0.19,24.18,91.1375
521,Rush Hour,-0.23,24.18,91.125
522,Rush Hour,-0.23,24.18,91.125
523,Rush Hour,-0.14,24.22,91.1625
524,Rush Hour,-0.14,24.22,91.1625
525,Rush Hour,-0.07,24.22,91.1625
526,Rush Hour,-0.07,24.22,91.1625
527,Rush Hour,-0.31,24.26,91.0125
528,Rush Hour,-0.31,24.26,91.0125
529,Rush Hour,-0.37,24.26,91
530,Rush Hour,-0.37,24.26,91
531,Rush Hour,-0.62,24.32,90.8625
532,Rush Hour,-0.62,24.32,90.8625
533,Rush Hour,-0.62,24.32,90.9375
534,Rush Hour,-0.36,24.32,90.9125
535,Rush Hour,-0.16,24.4,91.25
536,Rush Hour,-0.16,24.4,91.25
537,Rush Hour,0.23,28.5,91.2375
538,Rush Hour,0.21,28.56,91.275
539,Rush Hour,0.29,28.58,91.3
540,Rush Hour,0.44,28.64,91.3375
541,Rush Hour,0.36,28.68,91.3875
542,Rush Hour,0.3,28.68,91.425
543,Rush Hour,0.43,28.6,91.475
544,Rush Hour,0.26,28.62,91.5125
545,Rush Hour,0.21,28.62,91.5375
546,Rush Hour,0.66,24.62,92.1875
547,Rush Hour,0.48,24.68,92.3
548,Rush Hour,0.41,24.72,92.175
549,Rush Hour,0.08,24.72,92.1875
550,Rush Hour,-0.09,24.78,92.325
551,Rush Hour,0.12,24.78,92.325
552,Rush Hour,-0.09,24.84,92.1625
553,Rush Hour,-0.23,24.84,92.1625
554,Rush Hour,-0.15,24.92,92.2125
555,Rush Hour,-0.08,24.92,92.2125
556,Rush Hour,-0.08,24.92,92.2125
557,Rush Hour,0.37,24.88,92.375
558,Rush Hour,0.37,24.88,92.375
559,Rush Hour,0.67,24.94,92.525
560,Rush Hour,0.67,24.94,92.525
561,Rush Hour,0.68,24.94,92.55
562,Rush Hour,1.14,25,92.825
563,Rush Hour,1.15,25,92.875
564,Rush Hour,0.43,24.94,92.575
565,Rush Hour,-0.45,24.7,91.3375
566,Rush Hour,-0.35,24.76,91.3375
567,Rush Hour,-0.35,24.76,91.3375
568,Rush Hour,-0.35,24.76,91.3375
569,Rush Hour,-0.32,24.84,91.2625
570,Rush Hour,-0.32,24.84,91.2625
571,Rush Hour,-0.32,24.84,91.2625
572,Rush Hour,-0.24,24.9,91.225
573,Rush Hour,0.06,24.92,91.2875
574,Rush Hour,0.06,24.92,91.2875
575,Rush Hour,0.24,25.02,91.45
576,Rush Hour,0.79,25.16,91.7375
577,Rush Hour,0.79,25.16,91.7375
578,Rush Hour,1.3,25.1,92.0125
579,Rush Hour,1.3,25.1,92.0125
580,Rush Hour,1.56,25.28,92.4
581,Rush Hour,1.56,25.28,92.4
582,Rush Hour,8.54,15.52,44.1375
583,Rush Hour,7.86,15.74,46.8875
584,Rush Hour,7.85,15.78,47.7125
585,Rush Hour,7.9,15.78,48.3625
586,Rush Hour,-0.07,28.02,91.025
587,Rush Hour,-0.07,28.02,91.025
588,Rush Hour,0.31,28.14,91.1125
589,Rush Hour,0.31,28.14,91.1125
590,Rush Hour,0.7,28.1,91.25
591,Rush Hour,0.7,28.1,91.25
592,Rush Hour,0.92,28.22,91.325
593,Rush Hour,0.92,28.22,91.325
594,Rush Hour,0.91,28.32,91.3625
595,Rush Hour,0.91,28.32,91.3625
596,Rush Hour,0.65,28.42,91.325
597,Rush Hour,0.65,28.42,91.325
598,Rush Hour,0.78,28.42,91.525
599,Rush Hour,0.78,28.42,91.525
600,Rush Hour,0.67,28.54,91.5125
601,Rush Hour,0.67,28.54,91.5125
602,Rush Hour,-0.31,29,91.35
603,Rush Hour,-0.44,29.12,91.325
604,Rush Hour,-0.44,29.12,91.325
605,Rush Hour,-0.22,29.12,91.4
606,Rush Hour,-0.22,29.12,91.4
607,Rush Hour,-0.09,29.24,91.3875
608,Rush Hour,-0.09,29.24,91.3875
609,Rush Hour,-0.02,29.32,91.375
610,Rush Hour,-0.04,29.4,91.35
611,Rush Hour,-0.04,29.4,91.35
612,Rush Hour,-0.46,28.74,91.6125
613,Rush Hour,-0.47,28.74,91.6
614,Rush Hour,-0.46,28.74,91.6125
615,Rush Hour,-0.47,28.74,91.6
616,Rush Hour,-0.49,28.86,91.5875
617,Rush Hour,-0.23,28.86,91.575
618,Rush Hour,-0.17,29.04,91.45
619,Rush Hour,-0.41,29.14,91.3625
620,Rush Hour,-0.19,29.04,91.475
621,Rush Hour,-0.09,29.12,91.45
622,Rush Hour,-0.15,29.22,91.3875
623,Rush Hour,-0.26,29.32,91.3375
624,Rush Hour,0.01,29.24,91.4875
625,Rush Hour,0.02,29.32,91.4125
626,Rush Hour,-0.1,29.4,91.35
627,Rush Hour,0.02,29.32,91.4125
628,Rush Hour,-0.3,29.5,91.275
629,Rush Hour,-0.1,29.4,91.35
630,Rush Hour,-0.2,29.48,91.3375
631,Rush Hour,-0.3,29.5,91.275
632,Rush Hour,-0.14,29.56,91.325
633,Rush Hour,-0.2,29.48,91.3375
634,Rush Hour,-0.14,29.56,91.325
635,Rush Hour,-0.77,25.26,90.8875
636,Rush Hour,-0.77,25.26,90.8875
637,Rush Hour,-0.59,25.3,90.75
638,Rush Hour,-0.59,25.3,90.75
639,Rush Hour,0.05,25.42,90.85
640,Rush Hour,0.05,25.42,90.85
641,Rush Hour,-0.16,25.4,90.7
642,Rush Hour,-0.29,25.54,90.6625
643,Rush Hour,-0.29,25.54,90.6625
644,Rush Hour,1.09,25.6,91.225
645,Rush Hour,1.09,25.6,91.225
646,Rush Hour,1.26,25.6,91.2875
647,Rush Hour,1.23,25.68,91.3
648,Rush Hour,1.23,25.68,91.3
649,Rush Hour,0.22,25.82,91.35
650,Rush Hour,1.05,25.38,92.775
651,Rush Hour,0.74,25.38,92.85
652,Rush Hour,0.68,25.44,92.9625
653,Rush Hour,0.81,25.48,93.25
654,Rush Hour,0.81,25.48,93.25
655,Rush Hour,0.96,25.54,93.3625
656,Rush Hour,0.83,25.6,93.5375
657,Rush Hour,0.83,25.6,93.5375
658,Rush Hour,0.07,25.7,93.525
659,Rush Hour,0.07,25.7,93.525
660,Rush Hour,-0.29,27.98,91.5
661,Rush Hour,0.05,28.48,91.1375
662,Rush Hour,0.13,28.52,91.1625
663,Rush Hour,0.21,28.68,91.225
664,Rush Hour,-0.23,29.64,91.25
665,Rush Hour,-0.23,29.64,91.25
666,Rush Hour,-0.14,29.68,91.2875
667,Rush Hour,-0.36,29.7,91.1875
668,Rush Hour,-0.13,29.74,91.225
669,Rush Hour,-0.14,29.68,91.2875
670,Rush Hour,-0.24,29.82,91.15
671,Rush Hour,-0.13,29.74,91.225
672,Rush Hour,-0.41,29.9,91.0625
673,Rush Hour,-0.41,29.9,91.0625
674,Rush Hour,-0.14,29.98,91.0375
675,Rush Hour,-0.14,29.98,91.0375
676,Rush Hour,-0.5,30.04,91.0125
677,Rush Hour,-0.01,30.4,90.875
678,Rush Hour,0.1,25.84,91.3625
679,Rush Hour,0.16,25.84,91.35
680,Rush Hour,0.1,25.84,91.3625
681,Rush Hour,0.01,25.84,91.3625
682,Rush Hour,-0.14,26.06,91.55
683,Rush Hour,-0.14,26.06,91.55
684,Rush Hour,0.35,26.18,91.475
685,Rush Hour,0.35,26.18,91.475
686,Rush Hour,0.35,26.18,91.475
687,Rush Hour,0.16,26.2,91.5125
688,Rush Hour,0.16,26.2,91.5125
689,Rush Hour,-0.12,26.28,91.4125
690,Rush Hour,-0.24,26.34,91.4
691,Rush Hour,-0.2,26.34,91.3875
692,Rush Hour,-0.2,26.34,91.3875
693,Rush Hour,-0.14,26.42,91.3875
694,Rush Hour,-0.14,26.42,91.3875
695,Rush Hour,0.1,25.74,93.6375
696,Rush Hour,0.1,25.74,93.6375
697,Rush Hour,0.21,25.86,93.6875
698,Rush Hour,0.21,25.86,93.6875
699,Rush Hour,0.21,25.8,93.5125
700,Rush Hour,0.21,25.8,93.5125
701,Rush Hour,-0.25,25.86,93.5875
702,Rush Hour,-0.17,25.9,93.6125
703,Rush Hour,-0.17,25.9,93.6125
704,Rush Hour,-0.03,25.98,93.5875
705,Rush Hour,-0.12,26.04,93.5625
706,Rush Hour,0.23,28.7,91.25
707,Rush Hour,0.28,28.76,91.2875
708,Rush Hour,0.28,28.76,91.2875
709,Rush Hour,0.15,28.8,91.275
710,Rush Hour,0.15,28.8,91.275
711,Rush Hour,0.05,28.8,91.2625
712,Rush Hour,0.05,28.8,91.2625
713,Rush Hour,-0.14,28.88,91.1875
714,Rush Hour,-0.24,28.88,91.175
715,Rush Hour,-0.25,28.9,91.175
716,Rush Hour,-0.22,28.9,91.1625
717,Rush Hour,-0.13,28.92,91.1875
718,Rush Hour,-0.03,28.94,91.2
719,Rush Hour,0.34,30.5,91.0375
720,Rush Hour,0.45,30.58,91.0625
721,Rush Hour,0.44,30.66,91.0625
722,Rush Hour,0.36,30.66,91.2
723,Rush Hour,0.52,30.72,91.1875
724,Rush Hour,0.46,30.8,91.175
725,Rush Hour,0.52,30.72,91.1875
726,Rush Hour,0.33,30.86,91.1625
727,Rush Hour,0.33,30.86,91.1625
728,Rush Hour,0.39,30.8,91.3375
729,Rush Hour,0.29,30.94,91.3
730,Rush Hour,0.38,30.86,91.3125
731,Rush Hour,0.29,30.94,91.3
732,Rush Hour,0.16,31,91.3
733,Rush Hour,-0.2,27.54,91.7
734,Rush Hour,-0.14,27.58,91.6625
735,Rush Hour,-0.15,27.64,91.6125
736,Rush Hour,-0.14,27.58,91.6625
737,Rush Hour,-0.22,27.68,91.5875
738,Rush Hour,-0.15,27.64,91.6125
739,Rush Hour,-0.25,27.72,91.575
740,Rush Hour,-0.22,27.68,91.5875
741,Rush Hour,-0.2,27.64,91.55
742,Rush Hour,-0.23,27.6,91.5625
743,Rush Hour,-0.2,27.64,91.55
744,Rush Hour,-0.18,27.68,91.525
745,Rush Hour,-0.18,27.72,91.5
746,Non Rush Hour,-0.04,29.66,91.8
747,Non Rush Hour,0.09,29.78,91.8
748,Non Rush Hour,-0.1,29.8,91.7375
749,Non Rush Hour,-0.13,29.86,91.7625
750,Non Rush Hour,-0.02,29.92,91.7625
751,Non Rush Hour,0,29.88,91.7625
752,Non Rush Hour,0,29.94,91.75
753,Non Rush Hour,-0.02,30,91.7375
754,Non Rush Hour,-0.06,30.06,91.725
755,Non Rush Hour,-0.25,30.02,91.6375
756,Non Rush Hour,-0.31,30.08,91.625
757,Non Rush Hour,-0.26,30.14,91.6375
758,Non Rush Hour,-0.14,30.2,91.65
759,Non Rush Hour,-0.11,30.14,91.625
760,Non Rush Hour,-0.05,30.2,91.6375
761,Non Rush Hour,-0.05,30.2,91.6375
762,Non Rush Hour,0.01,30.26,91.65
763,Non Rush Hour,0.07,30.32,91.675
764,Non Rush Hour,0.07,30.32,91.675
765,Non Rush Hour,0.11,30.32,91.675
766,Non Rush Hour,0.11,30.32,91.675
767,Non Rush Hour,0.11,30.38,91.6875
768,Non Rush Hour,0.11,30.38,91.6875
769,Non Rush Hour,0.09,30.44,91.6875
770,Non Rush Hour,-0.14,30.82,91.6125
771,Non Rush Hour,-0.14,30.88,91.525
772,Non Rush Hour,-0.04,28.86,91.475
773,Non Rush Hour,-0.04,28.86,91.475
774,Non Rush Hour,-0.05,28.86,91.475
775,Non Rush Hour,-0.04,28.88,91.6
776,Non Rush Hour,-0.05,28.86,91.475
777,Non Rush Hour,0.2,28.88,91.5875
778,Non Rush Hour,-0.04,28.88,91.6
779,Non Rush Hour,0.28,29,91.65
780,Non Rush Hour,0.2,28.88,91.5875
781,Non Rush Hour,0.36,29,91.65
782,Non Rush Hour,0.28,29,91.65
783,Non Rush Hour,0.33,29.02,91.65
784,Non Rush Hour,0.27,29.02,91.6625
785,Non Rush Hour,0.33,29.02,91.65
786,Non Rush Hour,0.19,29.12,91.6875
787,Non Rush Hour,0.17,29.12,91.6875
788,Non Rush Hour,0.12,29.2,91.7125
789,Non Rush Hour,0.31,29.3,91.8375
790,Non Rush Hour,0.36,29.34,91.775
791,Non Rush Hour,0.19,29.34,91.7875
792,Non Rush Hour,0.07,29.4,91.8125
793,Non Rush Hour,8.44,13.7,53.825
794,Non Rush Hour,8.44,14.04,55.8375
795,Non Rush Hour,9.3,14.16,57.525
796,Non Rush Hour,9.22,14.22,58.3625
797,Non Rush Hour,9.01,14.04,59.55
798,Non Rush Hour,-0.47,30.06,91.3375
799,Non Rush Hour,-0.18,30.12,91.45
800,Non Rush Hour,0,30.12,91.4375
801,Non Rush Hour,-0.07,30.16,91.3625
802,Non Rush Hour,-0.08,30.16,91.3625
803,Non Rush Hour,0.13,30.24,91.475
804,Non Rush Hour,0.21,30.24,91.475
805,Non Rush Hour,0.17,30.26,91.45
806,Non Rush Hour,0.12,30.3,91.425
807,Non Rush Hour,0.01,30.3,91.425
808,Non Rush Hour,-0.04,30.44,91.475
809,Non Rush Hour,0.28,29.5,91.55
810,Non Rush Hour,0.17,29.54,91.6
811,Non Rush Hour,0.26,29.58,91.675
812,Non Rush Hour,0.27,29.48,91.6375
813,Non Rush Hour,0.27,29.48,91.6375
814,Non Rush Hour,0.14,29.48,91.65
815,Non Rush Hour,0.05,29.5,91.4
816,Non Rush Hour,-0.47,29.5,91.4
817,Rush Hour,-0.88,22.36,91.5875
818,Rush Hour,-0.92,22.44,91.525
819,Rush Hour,-0.89,22.5,91.45
820,Rush Hour,-0.89,22.5,91.45
821,Rush Hour,-0.84,22.36,91.425
822,Rush Hour,-0.69,22.42,91.3625
823,Rush Hour,-0.69,22.42,91.3625
824,Rush Hour,-0.56,22.48,91.3125
825,Rush Hour,-0.56,22.48,91.3125
826,Rush Hour,-0.51,22.54,91.2625
827,Rush Hour,-0.51,22.54,91.2625
828,Rush Hour,-0.41,22.42,91.25
829,Rush Hour,-0.41,22.42,91.25
830,Rush Hour,-0.32,22.48,91.2375
831,Rush Hour,-0.32,22.48,91.2375
832,Rush Hour,-0.21,22.54,91.2375
833,Rush Hour,-0.21,22.54,91.2375
834,Rush Hour,-0.08,22.6,91.25
835,Rush Hour,-0.08,22.6,91.25
836,Rush Hour,0.12,22.58,91.2875
837,Rush Hour,0.12,22.58,91.2875
838,Rush Hour,0.2,22.64,91.3125
839,Rush Hour,0.32,22.58,91.375
840,Rush Hour,0.32,22.58,91.375
841,Rush Hour,0.42,22.68,91.4875
842,Rush Hour,0.6,22.66,91.5625
843,Rush Hour,0.52,22.76,91.675
844,Rush Hour,-0.17,26.48,90.9
845,Rush Hour,-0.14,26.54,90.875
846,Rush Hour,0.08,26.58,90.95
847,Rush Hour,0.18,26.7,90.95
848,Rush Hour,0.29,26.76,91.05
849,Rush Hour,0.33,26.94,91.1375
850,Rush Hour,0.33,26.94,91.1375
851,Rush Hour,0.63,26.8,91.325
852,Rush Hour,0.71,26.86,91.35
853,Rush Hour,0.71,26.86,91.35
854,Rush Hour,0.61,26.92,91.35
855,Rush Hour,0.61,26.92,91.35
856,Rush Hour,0.45,26.98,91.35
857,Rush Hour,0.27,26.92,91.375
858,Rush Hour,0.27,26.92,91.375
859,Rush Hour,0.17,26.94,91.375
860,Rush Hour,0.08,26.7,91.05
861,Rush Hour,-0.09,26.7,91.0625
862,Rush Hour,0.2,26.72,91.25
863,Rush Hour,0.31,26.72,91.25
864,Rush Hour,0.24,26.84,91.2125
865,Rush Hour,0.16,26.84,91.225
866,Rush Hour,0.16,26.84,91.225
867,Rush Hour,1.24,27.12,91.925
868,Rush Hour,1.24,27.12,91.925
869,Rush Hour,1.1,27.12,91.975
870,Rush Hour,1.1,27.12,91.975
871,Rush Hour,0.82,27.24,91.925
872,Rush Hour,0.82,27.24,91.925
873,Rush Hour,0.19,27.38,91.9625
874,Rush Hour,0.04,27.48,91.95
875,Rush Hour,0.51,22.8,91.7
876,Rush Hour,0.43,22.76,91.7125
877,Rush Hour,0.28,22.88,91.7625
878,Rush Hour,0.25,22.92,91.7875
879,Rush Hour,0.25,22.92,91.7875
880,Rush Hour,0.23,22.86,91.6875
881,Rush Hour,-0.02,22.92,91.7
882,Rush Hour,-0.11,22.98,91.7125
883,Rush Hour,-0.11,22.98,91.7125
884,Rush Hour,-0.1,23.02,91.75
885,Rush Hour,-0.1,23.02,91.75
886,Rush Hour,-0.03,22.98,91.65
887,Rush Hour,-0.03,22.98,91.65
888,Rush Hour,-0.18,23.02,91.6125
889,Rush Hour,-0.18,23.02,91.6125
890,Rush Hour,-0.27,23.1,91.6125
891,Rush Hour,-0.27,23.1,91.6125
892,Rush Hour,-0.27,23.1,91.6125
893,Rush Hour,-0.24,23.16,91.6
894,Rush Hour,-0.39,23.08,91.5
895,Rush Hour,-0.27,23.2,91.5125
896,Rush Hour,-0.05,23.22,91.525
897,Rush Hour,-0.05,23.22,91.525
898,Rush Hour,-0.01,23.26,91.5125
899,Rush Hour,-0.03,23.32,91.4375
900,Rush Hour,0.06,26.98,91.3625
901,Rush Hour,-0.05,27,91.325
902,Rush Hour,-0.07,27.02,91.35
903,Rush Hour,-0.07,27.02,91.35
904,Rush Hour,-0.07,27.06,91.3375
905,Rush Hour,-0.1,27.12,91.325
906,Rush Hour,-0.1,27.12,91.325
907,Rush Hour,-0.12,27.16,91.3125
908,Rush Hour,0.04,27.06,91.3875
909,Rush Hour,-0.3,27.64,91.8125
910,Rush Hour,-0.65,27.9,91.525
911,Rush Hour,-0.65,27.9,91.525
912,Rush Hour,-0.34,27.96,91.6
913,Rush Hour,-0.12,27.96,91.575
914,Rush Hour,-0.12,27.96,91.575
915,Rush Hour,-0.18,28.1,91.5
916,Rush Hour,-0.18,28.1,91.5
917,Rush Hour,0.08,28.14,91.6125
918,Rush Hour,-0.09,27,91.3875
919,Rush Hour,-0.09,27,91.3875
920,Rush Hour,-0.04,26.94,91.425
921,Rush Hour,0,26.96,91.4375
922,Rush Hour,0,26.96,91.4375
923,Rush Hour,0.02,27.02,91.425
924,Rush Hour,0.21,26.98,91.525
925,Rush Hour,0.2,27,91.5
926,Rush Hour,0.09,27.02,91.4625
927,Rush Hour,0.05,27.02,91.4875
928,Rush Hour,-0.02,27.04,91.45
929,Rush Hour,-0.1,27.06,91.4375
930,Rush Hour,-0.17,27.1,91.4125
931,Rush Hour,-0.26,27.12,91.3625
932,Rush Hour,-0.24,27.1,91.3625
933,Rush Hour,-0.26,27.12,91.325
934,Rush Hour,-0.36,21.3,90.9875
935,Rush Hour,-0.45,21.36,90.925
936,Rush Hour,-0.41,21.4,90.8625
937,Rush Hour,-0.41,21.4,90.8625
938,Rush Hour,-0.34,21.4,90.9125
939,Rush Hour,-0.34,21.4,90.9125
940,Rush Hour,-0.24,21.4,90.85
941,Rush Hour,-0.37,21.48,90.7875
942,Rush Hour,-0.37,21.48,90.7875
943,Rush Hour,-0.49,21.54,90.725
944,Rush Hour,-0.28,21.42,90.8125
945,Rush Hour,-0.28,21.42,90.8125
946,Rush Hour,-0.12,21.46,90.7625
947,Rush Hour,-0.12,21.46,90.7625
948,Rush Hour,-0.2,21.5,90.7125
949,Rush Hour,-0.2,21.5,90.7125
950,Rush Hour,-0.2,21.54,90.7
951,Rush Hour,-0.2,21.54,90.7
952,Rush Hour,-0.17,21.58,90.7125
953,Rush Hour,-0.17,21.58,90.7125
954,Rush Hour,0.11,21.48,90.8375
955,Rush Hour,0.11,21.48,90.8375
956,Rush Hour,0.6,21.58,91.025
957,Rush Hour,0.6,21.58,91.025
958,Rush Hour,0.49,21.6,91.025
959,Rush Hour,0.49,21.6,91.025
960,Rush Hour,0.35,21.64,91.025
961,Rush Hour,0.39,21.54,91.1125
962,Rush Hour,0.23,21.64,91.15
963,Rush Hour,5.84,12.26,42.0625
964,Rush Hour,6.64,12.04,42.5625
965,Rush Hour,6.94,11.94,43.9875
966,Rush Hour,6.19,11.9,44.6625
967,Rush Hour,7.06,11.64,45.25
968,Rush Hour,7.45,11.6,45.9375
969,Rush Hour,-0.24,23.24,90.5875
970,Rush Hour,0,23.18,90.9375
971,Rush Hour,0.61,23.22,91.0125
972,Rush Hour,0.94,23.26,91.05
973,Rush Hour,0.93,23.26,91.3
974,Rush Hour,0.43,23.38,91.8
975,Rush Hour,0.64,23.34,91.725
976,Rush Hour,0.84,23.42,91.7125
977,Rush Hour,0.46,23.42,91.8375
978,Rush Hour,0.59,23.52,92.0625
979,Rush Hour,0.6,23.48,92.0375
980,Rush Hour,0.61,23.44,92.0125
981,Rush Hour,0.39,23.46,91.8875
982,Rush Hour,0.42,21.6,91.2875
983,Rush Hour,0.34,21.66,91.2875
984,Rush Hour,0.22,21.68,91.275
985,Rush Hour,0.26,21.66,91.35
986,Rush Hour,0.26,21.66,91.35
987,Rush Hour,0.25,21.7,91.3625
988,Rush Hour,0.25,21.7,91.4625
989,Rush Hour,0.25,21.7,91.4625
990,Rush Hour,0.3,21.72,91.475
991,Rush Hour,0.29,21.76,91.4875
992,Rush Hour,0.25,21.8,91.5
993,Rush Hour,0.42,21.74,91.625
994,Rush Hour,0.42,21.74,91.625
995,Rush Hour,0.43,21.78,91.625
996,Rush Hour,0.43,21.78,91.625
997,Rush Hour,0.35,21.82,91.625
998,Rush Hour,0.24,21.86,91.625
999,Rush Hour,0.37,21.82,91.7375
1000,Rush Hour,0.37,21.86,91.75
1001,Rush Hour,0.37,21.86,91.75
1002,Rush Hour,0.34,21.9,91.775
1003,Rush Hour,0.34,21.9,91.775
1004,Rush Hour,0.3,21.94,91.8
1005,Rush Hour,0.43,21.94,91.9
1006,Rush Hour,0.43,21.94,91.9
1007,Rush Hour,0.41,22.02,91.9375
1008,Rush Hour,0.41,22.02,91.9375
1009,Rush Hour,0.41,22.02,91.9375
1010,Rush Hour,0.47,23.56,92.0625
1011,Rush Hour,0.11,23.46,91.9625
1012,Rush Hour,-0.22,23.5,91.8875
1013,Rush Hour,-0.22,23.5,91.8875
1014,Rush Hour,-0.47,23.56,91.825
1015,Rush Hour,-0.47,23.56,91.825
1016,Rush Hour,-0.5,23.6,91.775
1017,Rush Hour,-0.5,23.6,91.775
1018,Rush Hour,-0.79,23.52,91.6375
1019,Rush Hour,-0.89,23.54,91.575
1020,Rush Hour,-0.9,23.58,91.5125
1021,Rush Hour,-0.9,23.58,91.5125
1022,Rush Hour,-0.73,23.62,91.475
1023,Rush Hour,-0.73,23.62,91.475
1024,Rush Hour,-0.49,23.54,91.5125
1025,Rush Hour,-0.49,23.54,91.5125
1026,Rush Hour,-0.23,23.54,91.4625
1027,Rush Hour,-0.23,23.54,91.4625
1028,Rush Hour,-0.19,23.48,91.3875
1029,Rush Hour,-0.19,23.48,91.3875
1030,Rush Hour,-0.21,23.48,91.35
1031,Rush Hour,-0.21,23.48,91.35
1032,Rush Hour,-0.22,23.5,91.3375
1033,Rush Hour,-0.22,23.5,91.3375
1034,Rush Hour,-0.18,23.42,91.3375
1035,Rush Hour,-0.2,23.46,91.3
1036,Rush Hour,-0.2,23.46,91.3
1037,Rush Hour,0.19,24.32,90.625
1038,Rush Hour,0.01,24.38,90.5375
1039,Rush Hour,0.24,24.52,90.6625
1040,Rush Hour,0.51,24.62,90.85
1041,Non Rush Hour,0.04,29.36,92.2
1042,Non Rush Hour,0.26,29.44,92.3375
1043,Non Rush Hour,0.26,29.44,92.3375
1044,Non Rush Hour,0.05,29.44,92.225
1045,Non Rush Hour,0.05,29.44,92.225
1046,Non Rush Hour,-0.17,29.42,92.1625
1047,Non Rush Hour,-0.17,29.42,92.1625
1048,Non Rush Hour,-0.55,29.5,92.0125
1049,Non Rush Hour,-0.55,29.5,92.0125
1050,Non Rush Hour,-0.72,29.48,91.9625
1051,Non Rush Hour,-0.72,29.48,91.9625
1052,Non Rush Hour,-0.78,29.46,91.9
1053,Non Rush Hour,-0.78,29.46,91.9
1054,Non Rush Hour,-0.76,29.46,91.85
1055,Non Rush Hour,-0.76,29.46,91.85
1056,Non Rush Hour,-0.73,29.62,91.7875
1057,Non Rush Hour,-0.73,29.62,91.7875
1058,Non Rush Hour,-0.24,24.98,91.3
1059,Non Rush Hour,-0.34,25,91.15
1060,Non Rush Hour,-0.26,25.16,91.2875
1061,Non Rush Hour,0.45,25.1,91.5
1062,Non Rush Hour,0.63,25.18,91.55
1063,Non Rush Hour,0.63,25.18,91.55
1064,Non Rush Hour,0.61,25.2,91.5625
1065,Non Rush Hour,0.15,25.34,91.575
1066,Non Rush Hour,0.15,25.34,91.575
1067,Non Rush Hour,-0.02,25.42,91.525
1068,Non Rush Hour,-0.22,25.36,91.4625
1069,Non Rush Hour,-0.22,25.36,91.4625
1070,Non Rush Hour,-0.37,25.44,91.4125
1071,Non Rush Hour,-0.37,25.44,91.4125
1072,Non Rush Hour,-0.41,25.52,91.3875
1073,Non Rush Hour,-0.41,25.52,91.3875
1074,Non Rush Hour,-0.34,25.6,91.4
1075,Non Rush Hour,-0.34,25.6,91.4
1076,Non Rush Hour,-0.21,25.54,91.4125
1077,Non Rush Hour,-0.21,25.54,91.4125
1078,Non Rush Hour,-0.66,29.6,91.7375
1079,Non Rush Hour,-0.54,29.6,91.7125
1080,Non Rush Hour,-0.31,29.6,91.75
1081,Non Rush Hour,0.29,29.94,91.8625
1082,Non Rush Hour,0.1,30.06,91.6625
1083,Non Rush Hour,-0.53,30.08,91.6
1084,Non Rush Hour,-0.45,30.2,91.5875
1085,Non Rush Hour,-0.12,25.6,91.4
1086,Non Rush Hour,-0.12,25.6,91.4
1087,Non Rush Hour,-0.04,25.68,91.4125
1088,Non Rush Hour,-0.04,25.68,91.4125
1089,Non Rush Hour,-0.04,25.74,91.3875
1090,Non Rush Hour,-0.04,25.74,91.3875
1091,Non Rush Hour,0.27,25.68,91.55
1092,Non Rush Hour,0.27,25.68,91.55
1093,Non Rush Hour,0.38,25.74,91.55
1094,Non Rush Hour,0.33,25.84,91.525
1095,Non Rush Hour,0.33,25.84,91.525
1096,Non Rush Hour,0.21,25.9,91.5125
1097,Non Rush Hour,0.18,25.84,91.55
1098,Non Rush Hour,0.18,25.84,91.55
1099,Non Rush Hour,0.16,25.84,91.5625
1100,Non Rush Hour,-0.02,25.9,91.4875
1101,Non Rush Hour,-0.1,25.98,91.5
1102,Non Rush Hour,-0.02,26,91.55
1103,Non Rush Hour,0,26.08,91.55
1104,Non Rush Hour,0.06,26.26,91.55
1105,Non Rush Hour,-0.02,26.32,91.5625
1106,Non Rush Hour,-0.26,30.22,91.625
1107,Non Rush Hour,-0.06,30.24,91.625
1108,Non Rush Hour,-0.06,30.24,91.625
1109,Non Rush Hour,0.33,30.36,91.7375
1110,Non Rush Hour,0.33,30.36,91.7375
1111,Non Rush Hour,0.33,30.36,91.7
1112,Non Rush Hour,0.33,30.36,91.7
1113,Non Rush Hour,0.21,30.36,91.675
1114,Non Rush Hour,0.05,30.38,91.65
1115,Non Rush Hour,-0.3,30.52,91.5125
1116,Non Rush Hour,-0.44,30.52,91.5
1117,Non Rush Hour,-0.45,30.54,91.4875
1118,Non Rush Hour,-0.35,30.54,91.4875
1119,Non Rush Hour,-0.17,30.7,91.525
1120,Non Rush Hour,0.01,26.4,91.5375
1121,Non Rush Hour,-0.01,26.4,91.525
1122,Non Rush Hour,-0.05,26.44,91.475
1123,Non Rush Hour,-0.15,26.46,91.4625
1124,Non Rush Hour,-0.15,26.46,91.4625
1125,Non Rush Hour,-0.19,26.46,91.4
1126,Non Rush Hour,-0.3,26.52,91.35
1127,Non Rush Hour,-0.3,26.52,91.35
1128,Non Rush Hour,-0.39,26.58,91.3125
1129,Non Rush Hour,-0.39,26.58,91.3125
1130,Non Rush Hour,-0.49,26.64,91.25
1131,Non Rush Hour,-0.49,26.64,91.25
1132,Non Rush Hour,-0.37,26.58,91.275
1133,Non Rush Hour,-0.37,26.58,91.275
1134,Non Rush Hour,-0.21,26.62,91.2875
1135,Non Rush Hour,-0.11,26.66,91.275
1136,Non Rush Hour,0.11,26.7,91.3625
1137,Non Rush Hour,0.19,26.74,91.3625
1138,Non Rush Hour,0.16,26.78,91.3375
1139,Non Rush Hour,0.13,26.82,91.35
1140,Non Rush Hour,0.13,26.82,91.35
1141,Non Rush Hour,0.06,26.76,91.3375
1142,Non Rush Hour,0,26.78,91.325
1143,Non Rush Hour,-0.04,26.82,91.325
1144,Non Rush Hour,0.12,26.78,91.3875
1145,Non Rush Hour,0.18,26.78,91.4
1146,Non Rush Hour,0.18,26.8,91.25
1147,Non Rush Hour,-0.25,26.8,91.25
1148,Non Rush Hour,-0.12,26.9,91.2875
1149,Non Rush Hour,-0.03,26.9,91.2
1150,Non Rush Hour,-0.17,26.9,91.2
1151,Non Rush Hour,-0.2,26.96,91.45
1152,Non Rush Hour,0.53,27.02,91.5875
1153,Non Rush Hour,0.47,27.02,91.6
1154,Non Rush Hour,0.47,27.06,0
1155,Non Rush Hour,0.47,27.06,0
1156,Non Rush Hour,0.42,27.1,91.625
1157,Non Rush Hour,0.42,27.1,91.625
1158,Non Rush Hour,0.32,27.1,91.6375
1159,Non Rush Hour,0.3,27.18,91.675
1160,Non Rush Hour,0.3,27.18,91.675
1161,Non Rush Hour,0.23,27.18,91.6875
1162,Non Rush Hour,0.23,27.18,91.6875
1163,Non Rush Hour,-0.03,27.18,91.575
1164,Non Rush Hour,-0.03,27.18,91.575
1165,Non Rush Hour,-0.16,27.18,91.575
1166,Non Rush Hour,-0.15,27.28,91.6
1167,Non Rush Hour,-0.12,27.28,91.5875
1168,Non Rush Hour,0.07,27.3,91.675
1169,Non Rush Hour,0.15,27.3,91.675
1170,Non Rush Hour,0.16,27.32,91.675
1171,Non Rush Hour,0.14,27.34,91.5875
1172,Non Rush Hour,0.17,27.3,91.5875
1173,Non Rush Hour,0.11,27.3,91.5875
1174,Non Rush Hour,0.05,27.38,91.6
1175,Non Rush Hour,0.05,27.38,91.6
1176,Non Rush Hour,0.04,27.36,91.6
1177,Non Rush Hour,0.05,27.36,91.6
1178,Non Rush Hour,0.05,27.36,91.6
1179,Non Rush Hour,0.04,27.4,91.65
1180,Non Rush Hour,0.12,27.4,91.65
1181,Non Rush Hour,0.14,27.44,91.65
1182,Non Rush Hour,0.09,27.44,91.6625
1183,Non Rush Hour,0.01,27.46,91.6375
1184,Non Rush Hour,-0.02,27.46,91.6375
1185,Non Rush Hour,4.97,11.86,50.6125
1186,Non Rush Hour,5.65,11.9,51.4
1187,Non Rush Hour,4.7,12.26,51.3125
1188,Non Rush Hour,4.85,12.28,52.1
1189,Non Rush Hour,5.52,12.3,52.8875
1190,Non Rush Hour,6.27,12.32,53.6625
1191,Non Rush Hour,5.89,12.38,53.9
1192,Non Rush Hour,6.16,12.38,54.725
1193,Non Rush Hour,6.55,12.42,55.475
1194,Non Rush Hour,7.08,12.42,56.3
1195,Non Rush Hour,7.2,12.4,56.9375
1196,Non Rush Hour,7.4,12.42,57.725
1197,Non Rush Hour,7.62,12.46,58.525
1198,Non Rush Hour,7.84,12.46,59.35
1199,Non Rush Hour,7.93,12.44,60.125
1200,Rush Hour,0.22,29.72,91.95
1201,Rush Hour,0.2,29.96,91.95
1202,Rush Hour,0.2,30.06,91.95
1203,Rush Hour,0.15,30.02,91.9
1204,Rush Hour,0,30.12,91.8875
1205,Rush Hour,-0.1,30.22,91.875
1206,Rush Hour,-0.15,30.38,91.6625
1207,Rush Hour,-0.54,30.46,91.625
1208,Rush Hour,-0.54,30.46,91.625
1209,Rush Hour,-0.68,30.56,91.6125
1210,Rush Hour,-0.68,30.56,91.6125
1211,Rush Hour,-0.66,30.66,91.6
1212,Rush Hour,-0.66,30.66,91.6
1213,Rush Hour,-0.53,30.72,91.5
1214,Rush Hour,-0.53,30.72,91.5
1215,Rush Hour,-0.43,30.8,91.5125
1216,Rush Hour,-0.43,30.8,91.5125
1217,Rush Hour,-0.27,30.9,91.525
1218,Rush Hour,-0.27,30.9,91.525
1219,Rush Hour,-0.14,31,91.525
1220,Rush Hour,-0.2,31.06,91.4375
1221,Rush Hour,-0.2,31.16,91.4375
1222,Rush Hour,-0.11,31.24,91.4625
1223,Rush Hour,0.02,31.34,91.5
1224,Rush Hour,-0.03,31.42,91.4375
1225,Rush Hour,0.33,31.64,91.6
1226,Rush Hour,0.33,31.64,91.6
1227,Rush Hour,0.49,31.76,91.6875
1228,Rush Hour,0.49,31.76,91.6875
1229,Rush Hour,-0.23,25.26,91.275
1230,Rush Hour,-0.23,25.26,91.275
1231,Rush Hour,-0.1,25.34,91.3125
1232,Rush Hour,-0.1,25.34,91.3125
1233,Rush Hour,0.04,25.22,91.3375
1234,Rush Hour,0.04,25.22,91.3375
1235,Rush Hour,0.16,25.26,91.3375
1236,Rush Hour,0.16,25.26,91.3375
1237,Rush Hour,0.33,25.3,91.4125
1238,Rush Hour,0.33,25.3,91.4125
1239,Rush Hour,0.43,25.38,91.45
1240,Rush Hour,0.43,25.38,91.45
1241,Rush Hour,0.42,25.44,91.5875
1242,Rush Hour,0.42,25.44,91.5875
1243,Rush Hour,0.3,25.36,91.5625
1244,Rush Hour,0.3,25.36,91.5625
1245,Rush Hour,0.17,25.44,91.5875
1246,Rush Hour,0.17,25.44,91.5875
1247,Rush Hour,0.1,25.5,91.6
1248,Rush Hour,0.1,25.5,91.6
1249,Rush Hour,0.09,25.56,91.625
1250,Rush Hour,0.09,25.56,91.625
1251,Rush Hour,-0.08,25.46,91.55
1252,Rush Hour,-0.08,25.46,91.55
1253,Rush Hour,-0.13,25.54,91.5625
1254,Rush Hour,-0.13,25.54,91.5625
1255,Rush Hour,-0.13,25.54,91.5625
1256,Rush Hour,-0.02,25.62,91.6125
1257,Rush Hour,0.04,22.54,92.05
1258,Rush Hour,0.04,22.54,92.05
1259,Rush Hour,-0.12,22.46,91.95
1260,Rush Hour,-0.24,22.46,91.975
1261,Rush Hour,-0.24,22.46,91.975
1262,Rush Hour,-0.15,22.48,92
1263,Rush Hour,-0.15,22.48,92
1264,Rush Hour,0.06,22.4,92.0625
1265,Rush Hour,0.06,22.4,92.0625
1266,Rush Hour,-0.04,22.22,92.0125
1267,Rush Hour,-0.03,22.26,92.025
1268,Rush Hour,-0.03,22.26,92.025
1269,Rush Hour,-0.33,22.24,91.8875
1270,Rush Hour,-0.33,22.24,91.8875
1271,Rush Hour,-0.21,22.26,91.9
1272,Rush Hour,-0.21,22.26,91.9
1273,Rush Hour,0.15,25.72,91.675
1274,Rush Hour,0.18,25.72,91.6875
1275,Rush Hour,-0.2,25.8,91.625
1276,Rush Hour,-0.17,25.94,91.6625
1277,Rush Hour,-0.35,25.86,91.525
1278,Rush Hour,-0.25,25.92,91.5875
1279,Rush Hour,0,26.06,91.6125
1280,Rush Hour,0,26.06,91.6125
1281,Rush Hour,0.15,26.08,91.675
1282,Rush Hour,0.28,26.08,91.7125
1283,Rush Hour,0.16,26.14,91.6375
1284,Rush Hour,0.16,26.14,91.6375
1285,Rush Hour,0.16,26.14,91.6375
1286,Rush Hour,0,26.22,91.6
1287,Rush Hour,0,26.22,91.6
1288,Rush Hour,0,26.22,91.6
1289,Rush Hour,-0.24,26.22,91.525
1290,Rush Hour,-0.15,22.18,91.8375
1291,Rush Hour,-0.33,22.14,91.7125
1292,Rush Hour,-0.25,22.16,91.725
1293,Rush Hour,-0.16,22.1,91.6875
1294,Rush Hour,-0.16,22.1,91.6875
1295,Rush Hour,-0.01,22.1,91.675
1296,Rush Hour,-0.01,22.1,91.675
1297,Rush Hour,-0.04,22.12,91.675
1298,Rush Hour,0.1,22.2,91.725
1299,Rush Hour,0.1,22.2,91.725
1300,Rush Hour,-0.81,24.48,89.775
1301,Rush Hour,-1.06,24.6,89.6625
1302,Rush Hour,-1.06,24.6,89.6625
1303,Rush Hour,-0.98,24.6,89.625
1304,Rush Hour,-0.98,24.6,89.625
1305,Rush Hour,-1.21,24.72,89.425
1306,Rush Hour,-1.09,24.72,89.375
1307,Rush Hour,-1.09,24.72,89.375
1308,Rush Hour,-1.23,24.86,89.2125
1309,Rush Hour,-1.05,24.86,89.1625
1310,Rush Hour,-0.98,24.98,89.1
1311,Rush Hour,-0.98,24.98,89.1
1312,Rush Hour,-0.75,24.98,89.0625
1313,Rush Hour,-0.75,24.98,89.0625
1314,Rush Hour,-0.49,25.08,88.925
1315,Rush Hour,-0.49,25.08,88.925
1316,Rush Hour,-0.61,25.08,88.9
1317,Rush Hour,-0.61,25.08,88.9
1318,Rush Hour,-0.61,25.24,88.9
1319,Rush Hour,-0.61,25.24,88.9
1320,Rush Hour,-0.49,25.24,88.8625
1321,Rush Hour,-0.49,25.24,88.8625
1322,Rush Hour,0.08,25.34,89.1125
1323,Rush Hour,0.08,25.34,89.1125
1324,Rush Hour,0.36,25.34,89.1125
1325,Rush Hour,0.58,25.42,89.2
1326,Rush Hour,0.57,25.42,89.2125
1327,Rush Hour,0.57,25.42,89.2125
1328,Rush Hour,0.93,25.58,89.4375
1329,Rush Hour,0.92,25.58,89.475
1330,Rush Hour,-0.35,26.28,91.5
1331,Rush Hour,-0.35,26.28,91.5
1332,Rush Hour,-0.36,26.34,91.4875
1333,Rush Hour,-0.36,26.34,91.4875
1334,Rush Hour,-0.29,26.42,91.4875
1335,Rush Hour,-0.29,26.42,91.4875
1336,Rush Hour,-0.34,26.32,91.425
1337,Rush Hour,-0.34,26.32,91.425
1338,Rush Hour,-0.31,26.38,91.4125
1339,Rush Hour,-0.31,26.38,91.4125
1340,Rush Hour,-0.25,26.44,91.4
1341,Rush Hour,-0.25,26.44,91.4
1342,Rush Hour,-0.1,26.5,91.4375
1343,Rush Hour,-0.1,26.5,91.4375
1344,Rush Hour,-0.06,26.46,91.4125
1345,Rush Hour,-0.03,26.52,91.4125
1346,Rush Hour,0.06,26.58,91.45
1347,Rush Hour,-0.14,29.02,91.05
1348,Rush Hour,-0.08,29.3,91.225
1349,Rush Hour,0.34,29.4,91.2375
1350,Rush Hour,0.5,29.5,91.2375
1351,Rush Hour,0.5,29.5,91.2375
1352,Rush Hour,0.33,29.72,91.2625
1353,Rush Hour,0.33,29.72,91.2625
1354,Rush Hour,0.17,29.84,91.2875
1355,Rush Hour,0.17,29.84,91.2875
1356,Rush Hour,0.16,29.94,91.3125
1357,Rush Hour,0.16,29.94,91.3125
1358,Rush Hour,0.07,29.9,91.2875
1359,Rush Hour,0.07,29.9,91.2875
1360,Rush Hour,0.05,30.02,91.3125
1361,Rush Hour,0.05,30.02,91.3125
1362,Rush Hour,0.09,30.12,91.3375
1363,Rush Hour,0.08,30.22,91.3375
1364,Rush Hour,0.08,30.22,91.3375
1365,Rush Hour,-0.15,24.88,91.4
1366,Rush Hour,-0.15,24.88,91.4
1367,Rush Hour,-0.32,24.9,91.4375
1368,Rush Hour,-0.32,24.9,91.4375
1369,Rush Hour,-0.27,24.96,91.35
1370,Rush Hour,-0.27,24.96,91.35
1371,Rush Hour,-0.35,24.96,91.325
1372,Rush Hour,-0.35,24.96,91.325
1373,Rush Hour,-0.36,25.04,91.2625
1374,Rush Hour,-0.36,25.04,91.2625
1375,Rush Hour,-0.43,25.02,91.325
1376,Rush Hour,-0.43,25.02,91.325
1377,Rush Hour,-0.25,25.08,91.25
1378,Rush Hour,-0.25,25.08,91.25
1379,Rush Hour,-0.26,25.16,91.1875
1380,Rush Hour,-0.26,25.16,91.1875
1381,Rush Hour,-0.35,25.1,91.1875
1382,Rush Hour,-0.35,25.1,91.1875
1383,Rush Hour,-0.31,25.16,91.1375
1384,Rush Hour,-0.31,25.16,91.1375
1385,Rush Hour,-0.34,25.22,91.0875
1386,Rush Hour,-0.34,25.22,91.0875
1387,Rush Hour,0.09,25.52,91.35
1388,Rush Hour,0.46,25.76,91.675
1389,Rush Hour,0.46,25.76,91.675
1390,Rush Hour,0.26,25.82,91.7125
1391,Rush Hour,0.26,25.82,91.7125
1392,Rush Hour,0.15,25.9,91.55
1393,Rush Hour,-0.57,26,91.5875
1394,Rush Hour,-0.57,26,91.5875
1395,Rush Hour,-0.21,26.14,91.55
1396,Rush Hour,-0.21,26.14,91.55
1397,Rush Hour,-0.16,26.2,91.5
1398,Rush Hour,-0.16,26.2,91.5
1399,Rush Hour,-0.35,26.44,91.15
1400,Rush Hour,-0.35,26.44,91.15
1401,Rush Hour,-0.46,26.5,91.0875
1402,Rush Hour,-0.25,26.54,91.1
1403,Rush Hour,0.39,30.22,91.5
1404,Rush Hour,0.32,30.42,91.4625
1405,Rush Hour,-0.3,30.88,91.2125
1406,Rush Hour,-0.36,30.94,91.1625
1407,Rush Hour,-0.24,30.88,91.2
1408,Rush Hour,-0.27,31,91.1
1409,Rush Hour,0.16,25.56,91.3125
1410,Rush Hour,0.09,25.58,91.375
1411,Rush Hour,0.15,25.64,91.3375
1412,Rush Hour,0.15,25.64,91.3375
1413,Rush Hour,0.08,25.58,91.425
1414,Rush Hour,0.08,25.58,91.425
1415,Rush Hour,0.21,25.64,91.3625
1416,Rush Hour,0.21,25.64,91.3625
1417,Rush Hour,0.11,25.66,91.4875
1418,Rush Hour,0.11,25.66,91.4875
1419,Rush Hour,0.28,25.72,91.45
1420,Rush Hour,0.28,25.72,91.45
1421,Rush Hour,0.24,25.78,91.4375
1422,Rush Hour,0.24,25.78,91.4375
1423,Rush Hour,0.13,25.8,91.3875
1424,Rush Hour,0.13,25.8,91.3875
1425,Rush Hour,-0.04,25.86,91.325
1426,Rush Hour,-0.04,25.86,91.325
1427,Rush Hour,-0.04,25.86,91.325
1428,Rush Hour,-0.22,25.9,91.2875
1429,Rush Hour,-0.22,25.9,91.2875
1430,Rush Hour,-0.51,25.86,91.425
1431,Rush Hour,-0.51,25.86,91.425
1432,Rush Hour,-0.51,25.86,91.425
1433,Rush Hour,-0.02,25.96,91.375
1434,Rush Hour,-0.3,26.6,91.025
1435,Rush Hour,-0.3,26.6,91.025
1436,Rush Hour,-0.24,26.72,90.9875
1437,Rush Hour,-0.2,26.78,90.9625
1438,Rush Hour,-0.2,26.82,91.075
1439,Rush Hour,0.09,26.88,91.05
1440,Rush Hour,-0.04,27,91.05
1441,Rush Hour,-0.04,27,91.05
1442,Rush Hour,0,27.06,91
1443,Rush Hour,0,27.06,91
1444,Rush Hour,-0.29,27.16,90.9
1445,Rush Hour,-0.27,27.22,90.8625
1446,Rush Hour,-0.29,27.32,90.8
1447,Rush Hour,-0.29,27.32,90.8
1448,Rush Hour,-0.54,26.36,91.1875
1449,Rush Hour,-0.51,26.34,91.225
1450,Rush Hour,-0.08,26.38,91.325
1451,Rush Hour,0,26.44,91.2625
1452,Rush Hour,-0.07,26.48,91.2
1453,Rush Hour,-0.07,26.48,91.2
1454,Rush Hour,-0.25,26.58,91.125
1455,Rush Hour,-0.25,26.58,91.125
1456,Rush Hour,-0.24,26.62,91.075
1457,Rush Hour,0.05,26.6,91.2
1458,Rush Hour,0.09,26.64,91.15
1459,Rush Hour,0.02,26.7,91.1125
1460,Rush Hour,0.05,26.68,91.15
1461,Rush Hour,0.05,26.68,91.15
1462,Rush Hour,0.06,26.72,91.1375
1463,Non Rush Hour,0.06,26.38,92.0125
1464,Non Rush Hour,-0.01,26.52,91.9375
1465,Non Rush Hour,-0.01,26.52,91.9375
1466,Non Rush Hour,-0.15,26.52,91.9
1467,Non Rush Hour,-0.15,26.52,91.9
1468,Non Rush Hour,-0.28,26.54,91.95
1469,Non Rush Hour,-0.28,26.54,91.95
1470,Non Rush Hour,-0.19,26.58,91.85
1471,Non Rush Hour,-0.19,26.58,91.85
1472,Non Rush Hour,-0.19,26.64,91.8
1473,Non Rush Hour,-0.19,26.64,91.8
1474,Non Rush Hour,-0.25,26.64,91.7625
1475,Non Rush Hour,-0.25,26.64,91.7625
1476,Non Rush Hour,-0.3,26.66,91.7125
1477,Non Rush Hour,-0.36,26.72,91.6875
1478,Non Rush Hour,-0.36,26.72,91.6875
1479,Non Rush Hour,-0.46,26.72,91.6125
1480,Non Rush Hour,-0.46,26.72,91.6125
1481,Non Rush Hour,-0.64,26.72,91.4875
1482,Non Rush Hour,-0.64,26.72,91.4875
1483,Non Rush Hour,-0.44,33.24,91.3375
1484,Non Rush Hour,-0.34,33.44,91.3
1485,Non Rush Hour,-0.13,33.54,91.25
1486,Non Rush Hour,-0.1,33.6,91.2125
1487,Non Rush Hour,-0.13,33.54,91.175
1488,Non Rush Hour,-0.32,33.28,91.1
1489,Non Rush Hour,-0.26,33.26,91.1375
1490,Non Rush Hour,-0.26,33.26,91.1375
1491,Non Rush Hour,-0.1,33.26,91.1125
1492,Non Rush Hour,-0.1,33.26,91.1125
1493,Non Rush Hour,-0.02,27.04,91.4
1494,Non Rush Hour,-0.02,27.04,91.4
1495,Non Rush Hour,0.03,27.08,91.4
1496,Non Rush Hour,0.03,27.08,91.4
1497,Non Rush Hour,0.32,27.18,91.45
1498,Non Rush Hour,0.32,27.18,91.45
1499,Non Rush Hour,0.28,27.2,91.5
1500,Non Rush Hour,0.28,27.2,91.5
1501,Non Rush Hour,0.42,27.18,91.5375
1502,Non Rush Hour,0.42,27.18,91.5375
1503,Non Rush Hour,0.14,27.22,91.55
1504,Non Rush Hour,0.13,27.24,91.5625
1505,Non Rush Hour,0.13,27.24,91.5625
1506,Non Rush Hour,0.12,27.26,91.575
1507,Non Rush Hour,0.12,27.26,91.575
1508,Non Rush Hour,0.08,27.26,91.6
1509,Non Rush Hour,0.08,27.26,91.6
1510,Non Rush Hour,-0.01,27.3,91.6
1511,Non Rush Hour,-0.01,27.3,91.6
1512,Non Rush Hour,-0.09,27.32,91.6
1513,Non Rush Hour,-0.09,27.32,91.6
1514,Non Rush Hour,0,27.46,91.525
1515,Non Rush Hour,-0.03,27.5,91.5125
1516,Non Rush Hour,-0.11,27.58,91.5
1517,Non Rush Hour,-0.18,27.6,91.4875
1518,Non Rush Hour,-0.09,27.32,91.4875
1519,Non Rush Hour,-0.09,27.32,91.4875
1520,Non Rush Hour,-0.84,26.7,91.375
1521,Non Rush Hour,-0.84,26.7,91.375
1522,Non Rush Hour,-0.78,26.8,91.375
1523,Non Rush Hour,-0.79,26.78,91.275
1524,Non Rush Hour,-0.41,27.08,90.8125
1525,Non Rush Hour,-0.17,27.16,90.925
1526,Non Rush Hour,0.23,27.22,91
1527,Non Rush Hour,0.81,27.28,91.2875
1528,Non Rush Hour,0.96,27.32,91.325
1529,Non Rush Hour,0.94,27.38,91.3375
1530,Non Rush Hour,0.76,27.44,91.375
1531,Non Rush Hour,-0.05,33.3,91.075
1532,Non Rush Hour,-0.05,33.3,91.075
1533,Non Rush Hour,-0.09,33.38,91.0625
1534,Non Rush Hour,-0.11,33.12,91.175
1535,Non Rush Hour,0.11,33.16,91.1875
1536,Non Rush Hour,0.23,33.18,91.1875
1537,Non Rush Hour,0.23,33.22,91.15
1538,Non Rush Hour,0.13,33.2,91.15
1539,Non Rush Hour,0.05,33.24,91.125
1540,Non Rush Hour,-0.05,33.26,91.075
1541,Non Rush Hour,-0.09,33.38,91.0625
1542,Non Rush Hour,-0.19,33.3,91.025
1543,Non Rush Hour,0.23,33.18,91.1875
1544,Non Rush Hour,0.11,33.16,91.1875
1545,Non Rush Hour,-0.11,33.12,91.175
1546,Non Rush Hour,0.05,33.24,91.125
1547,Non Rush Hour,-0.29,33.28,91.0375
1548,Non Rush Hour,-0.19,33.3,91.025
1549,Non Rush Hour,-0.24,33.3,91.025
1550,Non Rush Hour,-0.1,33.34,91.0625
1551,Non Rush Hour,0.26,33.36,91.15
1552,Non Rush Hour,0.28,33.4,91.15
1553,Non Rush Hour,0.23,33.42,91.2
1554,Non Rush Hour,0.26,33.4,91.3
1555,Non Rush Hour,0.43,33.42,91.225
1556,Non Rush Hour,0.21,33.46,91.2625
1557,Non Rush Hour,0.15,33.44,91.45
1558,Non Rush Hour,0.44,33.48,91.425
1559,Non Rush Hour,0.28,33.56,91.35
1560,Non Rush Hour,0.04,25.14,90.475
1561,Non Rush Hour,0.04,25.14,90.475
1562,Non Rush Hour,0.18,25.2,90.4125
1563,Non Rush Hour,0.18,25.2,90.4125
1564,Non Rush Hour,0.11,25.24,90.3625
1565,Non Rush Hour,0.11,25.24,90.3625
1566,Non Rush Hour,-0.05,25.3,90.3125
1567,Non Rush Hour,0.51,25.22,90.6375
1568,Non Rush Hour,0.25,25.38,90.4875
1569,Non Rush Hour,0.4,27.48,93.15
1570,Non Rush Hour,0.26,27.54,93.2
1571,Non Rush Hour,0.26,27.54,93.2
1572,Non Rush Hour,0.22,27.54,93.2
1573,Non Rush Hour,-0.07,27.64,93.1625
1574,Non Rush Hour,-0.82,27.72,92.775
1575,Non Rush Hour,-0.78,27.8,92.6875
1576,Non Rush Hour,-0.83,27.8,92.65
1577,Non Rush Hour,-0.58,27.9,92.6
1578,Non Rush Hour,-0.41,27.92,92.45
1579,Non Rush Hour,-0.6,27.92,92.4375
1580,Non Rush Hour,-0.6,27.92,92.4375
1581,Non Rush Hour,-0.03,28.08,91.6375
1582,Non Rush Hour,-0.03,28.08,91.6375
1583,Non Rush Hour,-0.05,28.08,91.6375
1584,Non Rush Hour,-0.05,28.08,91.6375
1585,Non Rush Hour,-0.4,28.16,91.45
1586,Non Rush Hour,-0.5,28.16,91.4375
1587,Non Rush Hour,-0.45,28.28,91.4375
1588,Non Rush Hour,-0.63,28.3,91.25
1589,Non Rush Hour,-0.64,28.3,91.2125
1590,Non Rush Hour,-0.42,28.46,91.3
1591,Non Rush Hour,-0.42,28.46,91.3
1592,Non Rush Hour,-0.12,28.6,91.175
1593,Non Rush Hour,-0.12,28.6,91.175
1594,Non Rush Hour,-0.2,28.68,91.1
1595,Non Rush Hour,-0.2,28.68,91.1
1596,Non Rush Hour,-0.2,28.68,91.1
1597,Non Rush Hour,-0.2,28.68,91.1
1598,Non Rush Hour,9.55,15.32,53.3
1599,Non Rush Hour,9.67,15.38,54.275
1600,Non Rush Hour,9.76,15.42,55.25
1601,Non Rush Hour,9.81,15.46,56.2375
1602,Non Rush Hour,7.74,15.8,56.1375
1603,Non Rush Hour,7.2,15.84,57.1625
1604,Non Rush Hour,8.05,15.48,59.3125
1605,Non Rush Hour,7.17,15.46,61.2375
1606,Non Rush Hour,7.39,15.06,63.3875
1607,Non Rush Hour,7.89,15.02,64.375
1608,Non Rush Hour,-0.59,27.98,92.3875
1609,Non Rush Hour,-0.48,27.98,92.3625
1610,Non Rush Hour,-0.52,28.04,92.2875
1611,Non Rush Hour,-0.44,28.04,92.2625
1612,Non Rush Hour,-0.44,28.04,92.2625
1613,Non Rush Hour,-0.36,28.12,92.2625
1614,Non Rush Hour,-0.36,28.12,92.2625
1615,Non Rush Hour,-0.24,28.12,92.25
1616,Non Rush Hour,-0.14,28.12,92.2375
1617,Non Rush Hour,-0.39,28.14,92.1
1618,Non Rush Hour,-0.39,28.14,92.1
1619,Non Rush Hour,-0.52,28.16,92.05
1620,Non Rush Hour,-0.52,28.16,92.05
1621,Non Rush Hour,-0.48,28.16,92.0375
1622,Non Rush Hour,-0.52,28.22,91.975
1623,Non Rush Hour,-0.44,28.22,91.95
1624,Non Rush Hour,-0.68,28.28,91.7875
1625,Non Rush Hour,-0.68,28.28,91.7875
1626,Non Rush Hour,-0.67,28.28,91.75
1627,Non Rush Hour,-0.57,28.32,91.7625
1628,Non Rush Hour,-0.57,28.32,91.7625
1629,Non Rush Hour,0,28.72,91.2
1630,Non Rush Hour,0.39,28.74,91.325
1631,Non Rush Hour,0.39,28.74,91.325
1632,Non Rush Hour,0.45,28.72,91.2875
1633,Non Rush Hour,0.32,28.72,91.3
1634,Non Rush Hour,0.19,28.74,91.325
1635,Non Rush Hour,0.46,28.7,91.6
1636,Non Rush Hour,0.46,28.62,91.6
1637,Non Rush Hour,0.35,28.62,91.6375
1638,Non Rush Hour,0.54,28.64,91.7625
1639,Non Rush Hour,0.53,28.64,91.7875
1640,Non Rush Hour,-0.25,28.4,91.825
1641,Non Rush Hour,-0.25,28.4,91.825
1642,Non Rush Hour,0.06,28.4,91.8125
1643,Non Rush Hour,0.2,28.5,91.825
1644,Non Rush Hour,0.23,28.5,91.8375
1645,Non Rush Hour,0.2,28.5,91.8375
1646,Non Rush Hour,0.09,28.56,91.9125
1647,Non Rush Hour,0.22,28.56,91.9125
1648,Non Rush Hour,0.24,28.64,92.0375
1649,Non Rush Hour,0.44,28.64,92.0375
1650,Non Rush Hour,0.45,28.7,92
1651,Non Rush Hour,0.31,28.7,92.025
1652,Non Rush Hour,0.18,28.66,91.9125
1653,Non Rush Hour,-0.09,28.66,91.925
1654,Non Rush Hour,-0.21,28.68,91.975
1655,Non Rush Hour,0.03,28.64,91.7125
1656,Non Rush Hour,0,28.64,91.7125
1657,Non Rush Hour,0,28.64,91.7125
1658,Non Rush Hour,-0.16,28.64,91.6375
1659,Non Rush Hour,-0.16,28.64,91.6375
1660,Non Rush Hour,-0.19,28.68,91.5875
1661,Non Rush Hour,-0.05,28.68,91.6375
1662,Non Rush Hour,-0.01,28.72,91.6
1663,Non Rush Hour,-0.11,28.76,91.5625
1664,Non Rush Hour,0.3,28.82,91.775
1665,Rush Hour,6.89,13.82,41.075
1666,Rush Hour,8.58,13.82,42.1625
1667,Rush Hour,9.06,13.84,44.4375
1668,Rush Hour,9.01,13.84,45.2
1669,Rush Hour,8.35,13.96,46.8875
1670,Rush Hour,8.36,13.98,47.675
1671,Rush Hour,-0.43,26.76,91.1375
1672,Rush Hour,-0.5,26.76,91.075
1673,Rush Hour,-0.5,26.76,91.075
1674,Rush Hour,-0.43,26.76,91.05
1675,Rush Hour,-0.39,26.92,91
1676,Rush Hour,-0.44,27.02,91.0125
1677,Rush Hour,-0.17,27.16,90.925
1678,Rush Hour,0.23,27.52,91.2
1679,Rush Hour,0.58,27.58,91.275
1680,Rush Hour,0.77,27.7,91.3375
1681,Non Rush Hour,0.28,25.58,91.4375
1682,Non Rush Hour,-0.2,25.66,91.375
1683,Non Rush Hour,-0.61,25.78,91.3125
1684,Non Rush Hour,-0.61,25.78,91.3125
1685,Non Rush Hour,-0.2,25.76,91.375
1686,Non Rush Hour,0.03,25.82,91.3625
1687,Non Rush Hour,0.29,25.76,91.5
1688,Non Rush Hour,0.48,25.82,91.625
1689,Non Rush Hour,0.45,25.88,91.65
1690,Non Rush Hour,0.31,25.94,91.6375
1691,Non Rush Hour,0.31,25.94,91.6375
1692,Non Rush Hour,0.05,26.02,91.5625
1693,Non Rush Hour,0.05,26.02,91.5625
1694,Non Rush Hour,-0.14,26.1,91.5375
1695,Non Rush Hour,-0.03,25.94,91.625
1696,Non Rush Hour,-0.03,25.94,91.625
1697,Non Rush Hour,-0.02,26,91.6
1698,Non Rush Hour,-0.02,26,91.6
1699,Non Rush Hour,0.51,27.56,91.8875
1700,Non Rush Hour,0.11,27.62,91.875
1701,Non Rush Hour,0.11,27.62,91.875
1702,Non Rush Hour,0.11,27.62,91.875
1703,Non Rush Hour,0.02,27.6,91.9125
1704,Non Rush Hour,0.1,27.6,91.925
1705,Non Rush Hour,0.02,27.6,91.9125
1706,Non Rush Hour,-0.36,27.74,91.7625
1707,Non Rush Hour,-0.32,27.74,91.75
1708,Non Rush Hour,-0.36,27.74,91.7625
1709,Non Rush Hour,-0.23,27.84,91.75
1710,Non Rush Hour,-0.32,27.74,91.75
1711,Non Rush Hour,-0.18,27.84,91.7375
1712,Non Rush Hour,-0.23,27.84,91.75
1713,Non Rush Hour,-0.14,27.84,91.725
1714,Non Rush Hour,-0.12,27.86,91.7125
1715,Non Rush Hour,-0.14,27.84,91.725
1716,Non Rush Hour,-0.13,27.96,91.6875
1717,Non Rush Hour,-0.12,27.86,91.7125
1718,Non Rush Hour,-0.13,27.96,91.6875
1719,Non Rush Hour,-0.1,28.88,91.5875
1720,Non Rush Hour,-0.19,28.9,91.5875
1721,Non Rush Hour,-0.2,28.9,91.5875
1722,Non Rush Hour,-0.16,28.74,91.525
1723,Non Rush Hour,0.23,28.78,91.6625
1724,Non Rush Hour,0,28.78,91.7
1725,Non Rush Hour,0.16,28.78,91.65
1726,Non Rush Hour,0.23,28.78,91.6625
1727,Non Rush Hour,0.12,28.78,91.6625
1728,Non Rush Hour,0.16,28.78,91.65
1729,Non Rush Hour,0.12,28.78,91.6625
1730,Non Rush Hour,0.45,28.82,91.85
1731,Non Rush Hour,0.45,28.88,91.875
1732,Non Rush Hour,0.45,28.82,91.85
1733,Non Rush Hour,0.39,28.92,91.9
1734,Non Rush Hour,0.32,28.96,91.9125
1735,Non Rush Hour,0.39,28.92,91.9
1736,Non Rush Hour,-0.05,28.86,91.7625
1737,Non Rush Hour,-0.22,28.92,91.775
1738,Non Rush Hour,-0.05,28.86,91.7625
1739,Non Rush Hour,-0.23,28.94,91.7875
1740,Non Rush Hour,-0.22,28.92,91.775
1741,Non Rush Hour,-0.23,28.94,91.7875
1742,Non Rush Hour,-0.5,23.58,90.8625
1743,Non Rush Hour,-0.52,23.62,90.7875
1744,Non Rush Hour,-0.5,23.58,90.8625
1745,Non Rush Hour,-0.57,23.6,90.85
1746,Non Rush Hour,-0.52,23.62,90.7875
1747,Non Rush Hour,-0.38,23.66,90.8
1748,Non Rush Hour,-0.57,23.6,90.85
1749,Non Rush Hour,0.03,23.64,90.9125
1750,Non Rush Hour,-0.38,23.66,90.8
1751,Non Rush Hour,0.14,23.68,90.9
1752,Non Rush Hour,0.03,23.64,90.9125
1753,Non Rush Hour,0.14,23.68,90.9
1754,Non Rush Hour,0.33,23.72,91.075
1755,Non Rush Hour,0.42,23.76,91.125
1756,Non Rush Hour,0.44,23.84,91.2125
1757,Non Rush Hour,0.38,23.84,91.275
1758,Non Rush Hour,0.32,23.88,91.325
1759,Non Rush Hour,0.32,23.88,91.325
1760,Non Rush Hour,0.22,24,91.2625
1761,Non Rush Hour,0.32,23.94,91.3125
1762,Non Rush Hour,0.22,24,91.2625
1763,Non Rush Hour,0.11,24,91.325
1764,Non Rush Hour,0.04,23.94,91.35
1765,Non Rush Hour,0.11,24,91.325
1766,Non Rush Hour,-0.19,25.28,91.5375
1767,Non Rush Hour,0.14,25.16,91.5875
1768,Non Rush Hour,0.04,25.16,91.5375
1769,Non Rush Hour,0.14,25.16,91.5875
1770,Non Rush Hour,0.23,25.02,91.6375
1771,Non Rush Hour,0.24,25.02,91.7
1772,Non Rush Hour,0.23,25.02,91.6375
1773,Non Rush Hour,0.24,25.02,91.7
1774,Non Rush Hour,1.24,24.98,92.375
1775,Non Rush Hour,0.81,24.98,92.225
1776,Non Rush Hour,1.24,24.98,92.375
1777,Non Rush Hour,1.32,24.92,92.7375
1778,Non Rush Hour,1.17,24.88,92.4125
1779,Non Rush Hour,1.45,24.92,92.9
1780,Non Rush Hour,1.45,24.92,92.9
1781,Non Rush Hour,-0.15,26.08,91.525
1782,Non Rush Hour,-0.15,26.08,91.525
1783,Non Rush Hour,-0.15,26.08,91.5375
1784,Non Rush Hour,-0.23,26.1,91.4875
1785,Non Rush Hour,-0.31,26.18,91.45
1786,Non Rush Hour,-0.31,26.18,91.45
1787,Non Rush Hour,-0.33,26.26,91.4
1788,Non Rush Hour,-0.33,26.26,91.4
1789,Non Rush Hour,-0.2,26.2,91.425
1790,Non Rush Hour,-0.11,26.2,91.425
1791,Non Rush Hour,-0.05,26.26,91.4125
1792,Non Rush Hour,-0.05,26.26,91.4125
1793,Non Rush Hour,-0.19,26.32,91.325
1794,Non Rush Hour,-0.19,26.32,91.325
1795,Non Rush Hour,-0.03,26.32,91.425
1796,Non Rush Hour,-0.07,26.46,91.35
1797,Non Rush Hour,-0.04,26.4,91.375
1798,Non Rush Hour,0.13,26.46,91.4375
1799,Non Rush Hour,-0.16,27.96,91.6625
1800,Non Rush Hour,-0.51,28.2,91.325
1801,Non Rush Hour,-0.45,28.3,91.2
1802,Non Rush Hour,-0.41,28.32,91.175
1803,Non Rush Hour,-0.45,28.3,91.2
1804,Non Rush Hour,-0.41,28.32,91.175
1805,Non Rush Hour,-0.26,28.94,91.725
1806,Non Rush Hour,0.04,29,91.775
1807,Non Rush Hour,0.11,29.1,91.825
1808,Non Rush Hour,0.16,29.14,91.8125
1809,Non Rush Hour,0.11,29.12,91.725
1810,Non Rush Hour,-0.14,29.18,91.7375
1811,Non Rush Hour,-0.15,29.22,91.75
1812,Non Rush Hour,-0.1,29.18,91.7
1813,Non Rush Hour,-0.11,29.26,91.725
1814,Non Rush Hour,0.13,24,91.35
1815,Non Rush Hour,0.17,24.06,91.3875
1816,Non Rush Hour,0.13,24,91.35
1817,Non Rush Hour,0.06,24.12,91.3375
1818,Non Rush Hour,0.17,24.06,91.3875
1819,Non Rush Hour,0,24.18,91.2875
1820,Non Rush Hour,0.06,24.12,91.3375
1821,Non Rush Hour,-0.13,24.14,91.3625
1822,Non Rush Hour,-0.04,24.14,91.35
1823,Non Rush Hour,-0.13,24.14,91.3625
1824,Non Rush Hour,-0.09,24.2,91.3
1825,Non Rush Hour,-0.04,24.14,91.35
1826,Non Rush Hour,-0.07,24.28,91.3125
1827,Non Rush Hour,-0.09,24.2,91.3
1828,Non Rush Hour,-0.19,24.32,91.2375
1829,Non Rush Hour,-0.07,24.28,91.3125
1830,Non Rush Hour,-0.34,24.32,91.175
1831,Non Rush Hour,-0.19,24.32,91.2375
1832,Non Rush Hour,-0.49,24.38,91.1
1833,Non Rush Hour,-0.49,24.38,91.1
1834,Non Rush Hour,-0.2,24.4,91.2375
1835,Non Rush Hour,-0.16,24.54,91.0625
1836,Non Rush Hour,-0.16,24.54,91.0625
1837,Non Rush Hour,0.13,24.7,91.1125
1838,Non Rush Hour,1.35,24.9,93.2625
1839,Non Rush Hour,1.35,24.9,93.2625
1840,Non Rush Hour,0.99,24.82,93.525
1841,Non Rush Hour,0.99,24.82,93.525
1842,Non Rush Hour,0.98,24.76,93.6625
1843,Non Rush Hour,0.43,24.76,93.725
1844,Non Rush Hour,0.43,24.76,93.725
1845,Non Rush Hour,-0.17,24.64,93.6125
1846,Non Rush Hour,0.3,24.76,93.75
1847,Non Rush Hour,-0.17,24.64,93.6125
1848,Non Rush Hour,-0.32,24.62,93.6125
1849,Non Rush Hour,-0.35,24.5,93.525
1850,Non Rush Hour,-0.31,24.6,93.625
1851,Non Rush Hour,-0.35,24.5,93.525
1852,Non Rush Hour,0.46,26.6,91.6625
1853,Non Rush Hour,0.46,26.6,91.6625
1854,Non Rush Hour,0.35,26.72,91.625
1855,Non Rush Hour,0.2,26.66,91.575
1856,Non Rush Hour,-0.01,26.72,91.5125
1857,Non Rush Hour,-0.31,26.78,91.5125
1858,Non Rush Hour,-0.44,26.84,91.425
1859,Non Rush Hour,-0.23,26.76,91.525
1860,Non Rush Hour,-0.15,26.82,91.4875
1861,Non Rush Hour,0,24.74,91.0625
1862,Non Rush Hour,-0.13,24.8,91.025
1863,Non Rush Hour,0.13,24.74,91.1875
1864,Non Rush Hour,0.14,24.8,91.1375
1865,Non Rush Hour,-0.1,24.9,91.05
1866,Non Rush Hour,-0.01,24.94,91.1
1867,Non Rush Hour,0,24.9,91.1375
1868,Non Rush Hour,-0.01,24.94,91.1
1869,Non Rush Hour,0.2,25,91.1875
1870,Non Rush Hour,0.19,24.96,91.2125
1871,Non Rush Hour,0.13,25.06,91.1625
1872,Non Rush Hour,0.2,25,91.1875
1873,Non Rush Hour,0.13,25.06,91.1625
